
CREATE DATABASE FINAL 
GO 
USE FINAL

CREATE TABLE KEYWORD
(
	KEYWORD_ID VARCHAR(10) PRIMARY KEY,
	KEYWORD VARCHAR(255),
)

CREATE TABLE PUBLISHER
(
	PUBLISHER_ID VARCHAR(10)PRIMARY KEY,
	PUBLISHER VARCHAR(255),
)


INSERT INTO PUBLISHER VALUES('HA178', 'University of Chicago')
INSERT INTO PUBLISHER VALUES('GD264', 'Polytech')
INSERT INTO PUBLISHER VALUES('CB119', 'Irwin')
INSERT INTO PUBLISHER VALUES('DI458', 'McGraw - Hill')
INSERT INTO PUBLISHER VALUES('CI934', 'Tynron')
INSERT INTO PUBLISHER VALUES('DD162', 'Oxford University')
INSERT INTO PUBLISHER VALUES('BI426', 'Penguin Books')
INSERT INTO PUBLISHER VALUES('GI291', 'Guinness')
INSERT INTO PUBLISHER VALUES('AI405', 'Anthony Mott')
INSERT INTO PUBLISHER VALUES('EC388', 'Hodder and Stoughton')
INSERT INTO PUBLISHER VALUES('CA939', 'Random House')
INSERT INTO PUBLISHER VALUES('HH490', 'University of Pittsburgh')
INSERT INTO PUBLISHER VALUES('CB582', 'Grafton Books')
INSERT INTO PUBLISHER VALUES('BG567', 'BFI Publishing')
INSERT INTO PUBLISHER VALUES('GE278', 'oxford University')
INSERT INTO PUBLISHER VALUES('FB633', 'Viking Kestrel')
INSERT INTO PUBLISHER VALUES('GH194', 'Heinemann')
INSERT INTO PUBLISHER VALUES('FH838', 'Edward Arnold')
INSERT INTO PUBLISHER VALUES('IC519', 'Hogarth')
INSERT INTO PUBLISHER VALUES('CG206', 'Methuen')
INSERT INTO PUBLISHER VALUES('CH674', 'Regnery')
INSERT INTO PUBLISHER VALUES('GI638', 'Mc Graw - Hill')
INSERT INTO PUBLISHER VALUES('FB389', 'World Bank')
INSERT INTO PUBLISHER VALUES('GC467', 'Houghton Mifflin')
INSERT INTO PUBLISHER VALUES('AA291', 'Kumarian')
INSERT INTO PUBLISHER VALUES('AE836', 'Island')
INSERT INTO PUBLISHER VALUES('CG388', 'Focal Press')
INSERT INTO PUBLISHER VALUES('DD606', 'Blanford Press')
INSERT INTO PUBLISHER VALUES('BB328', 'MacMillan Press')
INSERT INTO PUBLISHER VALUES('GB611', 'Mandarin')
INSERT INTO PUBLISHER VALUES('CA840', 'Oxford University Press')
INSERT INTO PUBLISHER VALUES('HB154', 'Basil Blackwell')
INSERT INTO PUBLISHER VALUES('IH254', 'Alan Sutton')
INSERT INTO PUBLISHER VALUES('DC109', 'Faber and Faber')
INSERT INTO PUBLISHER VALUES('EE698', 'Thorsons Publishing Group')
INSERT INTO PUBLISHER VALUES('HH436', 'Everymans Library')
INSERT INTO PUBLISHER VALUES('BH639', 'Abrams')
INSERT INTO PUBLISHER VALUES('CD940', 'MARC Europe')
INSERT INTO PUBLISHER VALUES('DC147', 'Viking')
INSERT INTO PUBLISHER VALUES('FC465', 'C. Hurst')
INSERT INTO PUBLISHER VALUES('EA728', 'Kodansha')
INSERT INTO PUBLISHER VALUES('IC235', 'The Feminist Press')
INSERT INTO PUBLISHER VALUES('AC266', 'W. W. Norton')
INSERT INTO PUBLISHER VALUES('IF486', 'Longman')
INSERT INTO PUBLISHER VALUES('HE841', 'Oliver and Boyd')
INSERT INTO PUBLISHER VALUES('CE237', 'Collins')

INSERT INTO KEYWORD VALUES('A17204', 'Travelers')
INSERT INTO KEYWORD VALUES('A28095', 'Fiction')
INSERT INTO KEYWORD VALUES('A30136', 'Storms')
INSERT INTO KEYWORD VALUES('A40879', 'Language')
INSERT INTO KEYWORD VALUES('A43833', 'Ocean travel')
INSERT INTO KEYWORD VALUES('A49199', 'Realationship')
INSERT INTO KEYWORD VALUES('A49410', 'Pollution')
INSERT INTO KEYWORD VALUES('A49970', 'Wars')
INSERT INTO KEYWORD VALUES('A55005', 'Classroom Management')
INSERT INTO KEYWORD VALUES('A64041', 'Databases')
INSERT INTO KEYWORD VALUES('A68326', 'Biography')
INSERT INTO KEYWORD VALUES('A74709', 'Food')
INSERT INTO KEYWORD VALUES('A90708', 'Distributive justice')
INSERT INTO KEYWORD VALUES('B13763', 'Motion pictures')
INSERT INTO KEYWORD VALUES('B31311', 'Foreign language skills')
INSERT INTO KEYWORD VALUES('B34739', 'Ecology')
INSERT INTO KEYWORD VALUES('B39334', 'Social conditions')
INSERT INTO KEYWORD VALUES('B54386', 'Services for Africa')
INSERT INTO KEYWORD VALUES('B65320', 'Environment')
INSERT INTO KEYWORD VALUES('B68960', 'Communication')
INSERT INTO KEYWORD VALUES('B69936', 'Childcare skills')
INSERT INTO KEYWORD VALUES('B81502', 'Literature')
INSERT INTO KEYWORD VALUES('B85196', 'Folk literature')
INSERT INTO KEYWORD VALUES('B85357', 'Cookery')
INSERT INTO KEYWORD VALUES('B87210', 'Detective fiction')
INSERT INTO KEYWORD VALUES('B88906', 'Bennett')
INSERT INTO KEYWORD VALUES('B90202', 'International relief')
INSERT INTO KEYWORD VALUES('B91861', 'Welfare economics')
INSERT INTO KEYWORD VALUES('B99121', 'Savanna')
INSERT INTO KEYWORD VALUES('C12319', 'English fiction')
INSERT INTO KEYWORD VALUES('C14827', 'Physical fitness')
INSERT INTO KEYWORD VALUES('C19110', 'Human services')
INSERT INTO KEYWORD VALUES('C19947', 'Forest')
INSERT INTO KEYWORD VALUES('C27638', 'Animation')
INSERT INTO KEYWORD VALUES('C32735', 'Friendship')
INSERT INTO KEYWORD VALUES('C47841', 'Economic development projects')
INSERT INTO KEYWORD VALUES('C48575', 'American fiction')
INSERT INTO KEYWORD VALUES('C50773', 'English language')
INSERT INTO KEYWORD VALUES('C73391', 'History')
INSERT INTO KEYWORD VALUES('C86560', 'Farm life')
INSERT INTO KEYWORD VALUES('C93597', 'Behaviour')
INSERT INTO KEYWORD VALUES('D13284', 'Techniqes')
INSERT INTO KEYWORD VALUES('D19578', 'Arnold')
INSERT INTO KEYWORD VALUES('D37657', 'Feminists')
INSERT INTO KEYWORD VALUES('D49555', 'Women')
INSERT INTO KEYWORD VALUES('D58844', 'Refugee camps')
INSERT INTO KEYWORD VALUES('D69335', 'Acting')
INSERT INTO KEYWORD VALUES('D69467', 'Beauty care')
INSERT INTO KEYWORD VALUES('D80598', 'Flood')
INSERT INTO KEYWORD VALUES('D90169', 'Hygiene')
INSERT INTO KEYWORD VALUES('D90888', 'Refugees')
INSERT INTO KEYWORD VALUES('D97307', 'Fruit')
INSERT INTO KEYWORD VALUES('E12637', 'Aims and objective')
INSERT INTO KEYWORD VALUES('E18996', 'Cakes')
INSERT INTO KEYWORD VALUES('E23158', 'Transport')
INSERT INTO KEYWORD VALUES('E23353', 'Tales')
INSERT INTO KEYWORD VALUES('E28628', 'Critical studies')
INSERT INTO KEYWORD VALUES('E29271', 'Teaching')
INSERT INTO KEYWORD VALUES('E36656', 'Refuse and refuse disposal')
INSERT INTO KEYWORD VALUES('E44057', 'Social life')
INSERT INTO KEYWORD VALUES('E46381', 'Sailing')
INSERT INTO KEYWORD VALUES('E46650', 'Equal rights')
INSERT INTO KEYWORD VALUES('E46835', 'International trade')
INSERT INTO KEYWORD VALUES('E60350', 'Films')
INSERT INTO KEYWORD VALUES('E62081', 'Wealth')
INSERT INTO KEYWORD VALUES('E63334', 'Family')
INSERT INTO KEYWORD VALUES('E83375', 'Economics')
INSERT INTO KEYWORD VALUES('E86352', 'Finance')
INSERT INTO KEYWORD VALUES('E89071', 'Merchant of Venice')
INSERT INTO KEYWORD VALUES('E98747', 'Economic conditions')
INSERT INTO KEYWORD VALUES('F15359', 'Exercises')
INSERT INTO KEYWORD VALUES('F22938', 'Medicine')
INSERT INTO KEYWORD VALUES('F23129', 'Foreign students')
INSERT INTO KEYWORD VALUES('F24075', 'Religions life')
INSERT INTO KEYWORD VALUES('F32076', 'Boating')
INSERT INTO KEYWORD VALUES('F35152', 'Modernist literature')
INSERT INTO KEYWORD VALUES('F36429', 'Techniques')
INSERT INTO KEYWORD VALUES('F37321', 'Association football')
INSERT INTO KEYWORD VALUES('F49485', 'Moral and ethical aspects')
INSERT INTO KEYWORD VALUES('F53695', 'Outdoor life')
INSERT INTO KEYWORD VALUES('F54880', 'Travel')
INSERT INTO KEYWORD VALUES('F59245', 'Amazon river')
INSERT INTO KEYWORD VALUES('F59922', 'Theories')
INSERT INTO KEYWORD VALUES('F69480', 'Philosophy')
INSERT INTO KEYWORD VALUES('F77576', 'Paintings')
INSERT INTO KEYWORD VALUES('G14434', 'Accounting')
INSERT INTO KEYWORD VALUES('G20606', 'Brother and sisters')
INSERT INTO KEYWORD VALUES('G34580', 'Education')
INSERT INTO KEYWORD VALUES('G37766', 'Bilingualism')
INSERT INTO KEYWORD VALUES('G40529', 'Child development')
INSERT INTO KEYWORD VALUES('G46242', 'Office pratices')
INSERT INTO KEYWORD VALUES('G52120', 'Computer systems')
INSERT INTO KEYWORD VALUES('G61920', 'Realism')
INSERT INTO KEYWORD VALUES('G80737', 'English humour')
INSERT INTO KEYWORD VALUES('G97538', 'Cinema')
INSERT INTO KEYWORD VALUES('H16179', 'English literature')
INSERT INTO KEYWORD VALUES('H18854', 'Oil paintings')
INSERT INTO KEYWORD VALUES('H38022', 'Drug traffic')
INSERT INTO KEYWORD VALUES('H41620', 'Crimes')
INSERT INTO KEYWORD VALUES('H45095', 'Novel')
INSERT INTO KEYWORD VALUES('H45885', 'English drama')
INSERT INTO KEYWORD VALUES('H56604', 'Folk songs')
INSERT INTO KEYWORD VALUES('H59845', 'Techiniques')
INSERT INTO KEYWORD VALUES('H64677', 'Economic assistance')
INSERT INTO KEYWORD VALUES('H70157', 'Secretarial procedures')
INSERT INTO KEYWORD VALUES('H85695', 'School')
INSERT INTO KEYWORD VALUES('H85897', 'Logistics')
INSERT INTO KEYWORD VALUES('H86467', 'Special subjects')
INSERT INTO KEYWORD VALUES('H97471', 'Natural calamities')
INSERT INTO KEYWORD VALUES('I16023', 'Health')
INSERT INTO KEYWORD VALUES('I16127', 'Dietetics')
INSERT INTO KEYWORD VALUES('I26526', 'Curriculum planning')
INSERT INTO KEYWORD VALUES('I28586', 'Information technology')
INSERT INTO KEYWORD VALUES('I29059', 'Financial markets')
INSERT INTO KEYWORD VALUES('I29983', 'Cinema tography')
INSERT INTO KEYWORD VALUES('I30608', 'International finance')
INSERT INTO KEYWORD VALUES('I53494', 'Lando wners')
INSERT INTO KEYWORD VALUES('I54849', 'Children')
INSERT INTO KEYWORD VALUES('I54918', 'Revolution')
INSERT INTO KEYWORD VALUES('I64721', 'Romantic fiction')
INSERT INTO KEYWORD VALUES('I87605', 'Maps')


CREATE TABLE AUTHOR
(
	AUTHOR_ID VARCHAR(10) PRIMARY KEY,
	AUTHOR VARCHAR(255),
)

INSERT INTO AUTHOR VALUES('C687309', 'Wilga M Rivers')
INSERT INTO AUTHOR VALUES('H331698', 'Frank Wood')
INSERT INTO AUTHOR VALUES('C995343', 'Jack Hellings')
INSERT INTO AUTHOR VALUES('I461005', 'Richard M Levich')
INSERT INTO AUTHOR VALUES('C833345', 'OLeary')
INSERT INTO AUTHOR VALUES('D737365', 'Timothy J')
INSERT INTO AUTHOR VALUES('C543906', 'Linda L')
INSERT INTO AUTHOR VALUES('C119763', 'Charles B Corbin')
INSERT INTO AUTHOR VALUES('B125790', 'Ruth Lindsey')
INSERT INTO AUTHOR VALUES('E218711', 'Welk Greg')
INSERT INTO AUTHOR VALUES('E712548', 'James Woodforde')
INSERT INTO AUTHOR VALUES('I233108', 'Henry Glassie')
INSERT INTO AUTHOR VALUES('C936274', 'Maugham')
INSERT INTO AUTHOR VALUES('C822264', 'W. Somerset')
INSERT INTO AUTHOR VALUES('B652381', 'Ronnie Glavin')
INSERT INTO AUTHOR VALUES('D561380', 'Wilkie Collins')
INSERT INTO AUTHOR VALUES('G220461', 'Christina Hughes')
INSERT INTO AUTHOR VALUES('B843826', 'Howard Marks')
INSERT INTO AUTHOR VALUES('G485660', 'Martin V Melosi')
INSERT INTO AUTHOR VALUES('B392334', 'Christopher Hibbert')
INSERT INTO AUTHOR VALUES('F598476', 'Richard Dyer')
INSERT INTO AUTHOR VALUES('F621615', 'Charles Dickens')
INSERT INTO AUTHOR VALUES('D288501', 'William Stock')
INSERT INTO AUTHOR VALUES('F546823', 'Jean Ure')
INSERT INTO AUTHOR VALUES('E471397', 'Peter Williams')
INSERT INTO AUTHOR VALUES('F432773', 'B.J Thomas')
INSERT INTO AUTHOR VALUES('E571220', 'Laurens Van der Post')
INSERT INTO AUTHOR VALUES('F280827', 'Arnold Bennett')
INSERT INTO AUTHOR VALUES('D435478', 'Jack Dreyfus')
INSERT INTO AUTHOR VALUES('F705406', 'Jack London')
INSERT INTO AUTHOR VALUES('H175546', 'Marie de France')
INSERT INTO AUTHOR VALUES('G107998', 'Jeannie Okaes')
INSERT INTO AUTHOR VALUES('E267913', 'Martin Lipton')
INSERT INTO AUTHOR VALUES('F261763', 'Nat J. Colletta')
INSERT INTO AUTHOR VALUES('H188829', 'Amy Jo Reinhold')
INSERT INTO AUTHOR VALUES('E736643', 'Edna Obrien')
INSERT INTO AUTHOR VALUES('G572594', 'Karen Jacobsen')
INSERT INTO AUTHOR VALUES('B501428', 'John Gardner')
INSERT INTO AUTHOR VALUES('C866144', 'Frank Ackerman')
INSERT INTO AUTHOR VALUES('E495287', 'John Halas')
INSERT INTO AUTHOR VALUES('E263689', 'Ron Ranson')
INSERT INTO AUTHOR VALUES('A700043', 'Bernard Harrison')
INSERT INTO AUTHOR VALUES('C284472', 'Monty Python')
INSERT INTO AUTHOR VALUES('I934185', 'Ian Foster')
INSERT INTO AUTHOR VALUES('I996873', 'John Gribbin')
INSERT INTO AUTHOR VALUES('I783605', 'Linda R. Glosson')
INSERT INTO AUTHOR VALUES('G440919', 'Janis P. Meek')
INSERT INTO AUTHOR VALUES('H361942', 'Antony Milne')
INSERT INTO AUTHOR VALUES('F814612', 'Jona Opie')
INSERT INTO AUTHOR VALUES('I339306', 'Ursula Mary Cavanaugh')
INSERT INTO AUTHOR VALUES('D872782', 'Peter Cox')
INSERT INTO AUTHOR VALUES('C614880', 'Michael Goulding')
INSERT INTO AUTHOR VALUES('E989012', 'Brian Hopkins')
INSERT INTO AUTHOR VALUES('A903623', 'Thomas Carlyle')
INSERT INTO AUTHOR VALUES('G280707', 'Dawn O Porter')
INSERT INTO AUTHOR VALUES('A230844', 'Jim Stafford')
INSERT INTO AUTHOR VALUES('F902300', 'Felicity Dahl')
INSERT INTO AUTHOR VALUES('I645145', 'Roald Dahl')
INSERT INTO AUTHOR VALUES('I328601', 'Paul Fussell')
INSERT INTO AUTHOR VALUES('H389502', 'Carter Smith')
INSERT INTO AUTHOR VALUES('B369237', 'Peter M. Dunn')
INSERT INTO AUTHOR VALUES('C757075', 'Adam Smith')
INSERT INTO AUTHOR VALUES('D765107', 'Gloria Noda')
INSERT INTO AUTHOR VALUES('I324974', 'Doris Groshen Daniels')
INSERT INTO AUTHOR VALUES('C767992', 'Damian Grant')
INSERT INTO AUTHOR VALUES('H622956', 'Douglas Long')
INSERT INTO AUTHOR VALUES('A310867', 'John Stephen Doherty')
INSERT INTO AUTHOR VALUES('B641763', 'Ved P. Varma')
INSERT INTO AUTHOR VALUES('I436538', 'Gareth Lloyd Evans')
INSERT INTO AUTHOR VALUES('I342241', 'George Hill')


CREATE TABLE DDC
(
	DDC_ID VARCHAR(10) PRIMARY KEY,
	CATEGORY VARCHAR(255),
	SECTION VARCHAR(10)
)

INSERT INTO DDC VALUES('000', 'Computer science, information & general works', 'A1')
INSERT INTO DDC VALUES('001', 'Knowledge', 'A1')
INSERT INTO DDC VALUES('002', 'The book', 'A2')
INSERT INTO DDC VALUES('003', 'Systems', 'A2')
INSERT INTO DDC VALUES('004', 'Data processing & computer science', 'A2')
INSERT INTO DDC VALUES('005', 'Computer programming, programs & data', 'A3')
INSERT INTO DDC VALUES('006', 'Special computer methods', 'A4')
INSERT INTO DDC VALUES('010', 'Bibliography', 'A5')
INSERT INTO DDC VALUES('011', 'Bibliographies', 'A5')
INSERT INTO DDC VALUES('012', 'Bibliographies of individuals', 'A6')
INSERT INTO DDC VALUES('014', 'Bibliographies of anonymous & pseudonymous works', 'A6')
INSERT INTO DDC VALUES('015', 'Bibliographies of works from specific places', 'A7')
INSERT INTO DDC VALUES('016', 'Bibliographies of works on specific subjects', 'A7')
INSERT INTO DDC VALUES('017', 'General subject catalogs', 'A8')
INSERT INTO DDC VALUES('018', 'Catalogs arranged by author, date, etc.', 'A8')
INSERT INTO DDC VALUES('019', 'Dictionary catalogs', 'A9')
INSERT INTO DDC VALUES('020', 'Library & information sciences', 'B1')
INSERT INTO DDC VALUES('021', 'Library relationships', 'B1')
INSERT INTO DDC VALUES('022', 'Administration of physical plant', 'B1')
INSERT INTO DDC VALUES('023', 'Personnel management', 'B1')
INSERT INTO DDC VALUES('025', 'Library operations', 'B2')
INSERT INTO DDC VALUES('026', 'Libraries for specific subjects', 'B2')
INSERT INTO DDC VALUES('027', 'General libraries', 'B2')
INSERT INTO DDC VALUES('028', 'Reading & use of other information media', 'B2')
INSERT INTO DDC VALUES('030', 'General encyclopedic works', 'B2')
INSERT INTO DDC VALUES('031', 'Encyclopedias in American English', 'B2')
INSERT INTO DDC VALUES('032', 'Encyclopedias in English', 'B3')
INSERT INTO DDC VALUES('033', 'Encyclopedias in other Germanic languages', 'B3')
INSERT INTO DDC VALUES('034', 'Encyclopedias in French, Occitan & Catalan', 'B3')
INSERT INTO DDC VALUES('035', 'Encyclopedias in Italian, Romanian & related languages', 'B3')
INSERT INTO DDC VALUES('036', 'Encyclopedias in Spanish & Portuguese', 'B4')
INSERT INTO DDC VALUES('037', 'Encyclopedias in Slavic languages', 'B4')
INSERT INTO DDC VALUES('038', 'Encyclopedias in Scandinavian languages', 'B4')
INSERT INTO DDC VALUES('039', 'Encyclopedias in other languages', 'B4')
INSERT INTO DDC VALUES('050', 'General serial publications', 'B7')
INSERT INTO DDC VALUES('051', 'Serials in American English', 'B7')
INSERT INTO DDC VALUES('052', 'Serials in English', 'B7')
INSERT INTO DDC VALUES('053', 'Serials in other Germanic languages', 'B8')
INSERT INTO DDC VALUES('054', 'Serials in French, Occitan & Catalan', 'B8')
INSERT INTO DDC VALUES('055', 'Serials in Italian, Romanian & related languages', 'B8')
INSERT INTO DDC VALUES('056', 'Serials in Spanish & Portuguese', 'B8')
INSERT INTO DDC VALUES('057', 'Serials in Slavic languages', 'B9')
INSERT INTO DDC VALUES('058', 'Serials in Scandinavian languages', 'B9')
INSERT INTO DDC VALUES('059', 'Serials in other languages', 'B9')
INSERT INTO DDC VALUES('060', 'General organizations & museum science', 'C1')
INSERT INTO DDC VALUES('061', 'Organizations in North America', 'C1')
INSERT INTO DDC VALUES('062', 'Organizations in British Isles; in England', 'C2')
INSERT INTO DDC VALUES('063', 'Organizations in central Europe; in Germany', 'C2')
INSERT INTO DDC VALUES('064', 'Organizations in France & Monaco', 'C2')
INSERT INTO DDC VALUES('065', 'Organizations in Italy & adjacent islands', 'C2')
INSERT INTO DDC VALUES('066', 'Organizations in Iberian Peninsula & adjacent islands', 'C2')
INSERT INTO DDC VALUES('067', 'Organizations in eastern Europe; in Russia', 'C3')
INSERT INTO DDC VALUES('068', 'Organizations in other geographic areas', 'C3')
INSERT INTO DDC VALUES('069', 'Museum science', 'C3')
INSERT INTO DDC VALUES('070', 'News media, journalism & publishing', 'C4')
INSERT INTO DDC VALUES('071', 'Newspapers in North America', 'C4')
INSERT INTO DDC VALUES('072', 'Newspapers in British Isles; in England', 'C5')
INSERT INTO DDC VALUES('073', 'Newspapers in central Europe; in Germany', 'C5')
INSERT INTO DDC VALUES('074', 'Newspapers in France & Monaco', 'C5')
INSERT INTO DDC VALUES('075', 'Newspapers in Italy & adjacent islands', 'C5')
INSERT INTO DDC VALUES('076', 'Newspapers in Iberian Peninsula & adjacent islands', 'C5')
INSERT INTO DDC VALUES('077', 'Newspapers in eastern Europe; in Russia', 'C6')
INSERT INTO DDC VALUES('078', 'Newspapers in Scandinavia', 'C6')
INSERT INTO DDC VALUES('079', 'Newspapers in other geographic areas', 'C6')
INSERT INTO DDC VALUES('080', 'General collections', 'C6')
INSERT INTO DDC VALUES('081', 'Collections in American English', 'C7')
INSERT INTO DDC VALUES('082', 'Collections in English', 'C7')
INSERT INTO DDC VALUES('083', 'Collections in other Germanic languages', 'C7')
INSERT INTO DDC VALUES('084', 'Collections in French, Occitan & Catalan', 'C8')
INSERT INTO DDC VALUES('085', 'Collections in Italian, Romanian & related languages', 'C8')
INSERT INTO DDC VALUES('086', 'Collections in Spanish & Portuguese', 'C8')
INSERT INTO DDC VALUES('087', 'Collections in Slavic languages', 'C8')
INSERT INTO DDC VALUES('088', 'Collections in Scandinavian languages', 'C8')
INSERT INTO DDC VALUES('089', 'Collections in other languages', 'C8')
INSERT INTO DDC VALUES('090', 'Manuscripts & rare books', 'C8')
INSERT INTO DDC VALUES('091', 'Manuscripts', 'C8')
INSERT INTO DDC VALUES('092', 'Block books', 'C8')
INSERT INTO DDC VALUES('093', 'Incunabula', 'C8')
INSERT INTO DDC VALUES('094', 'Printed books', 'C9')
INSERT INTO DDC VALUES('095', 'Books notable for bindings', 'C9')
INSERT INTO DDC VALUES('096', 'Books notable for illustrations', 'C9')
INSERT INTO DDC VALUES('097', 'Books notable for ownership or origin', 'C9')
INSERT INTO DDC VALUES('098', 'Prohibited works, forgeries & hoaxes', 'C9')
INSERT INTO DDC VALUES('099', 'Books notable for format', 'C9')
INSERT INTO DDC VALUES('100', 'Philosophy & psychology', 'D2')
INSERT INTO DDC VALUES('101', 'Theory of philosophy', 'D2')
INSERT INTO DDC VALUES('102', 'Miscellany', 'D2')
INSERT INTO DDC VALUES('103', 'Dictionaries & encyclopedias', 'D2')
INSERT INTO DDC VALUES('105', 'Serial publications', 'D3')
INSERT INTO DDC VALUES('106', 'Organizations & management', 'D3')
INSERT INTO DDC VALUES('107', 'Education, research & related topics', 'D3')
INSERT INTO DDC VALUES('108', 'Kinds of persons treatment', 'D3')
INSERT INTO DDC VALUES('109', 'Historical & collected persons treatment', 'D4')
INSERT INTO DDC VALUES('110', 'Metaphysics', 'D4')
INSERT INTO DDC VALUES('111', 'Ontology', 'D4')
INSERT INTO DDC VALUES('113', 'Cosmology', 'D4')
INSERT INTO DDC VALUES('114', 'Space', 'D4')
INSERT INTO DDC VALUES('115', 'Time', 'D4')
INSERT INTO DDC VALUES('116', 'Change', 'D4')
INSERT INTO DDC VALUES('117', 'Structure', 'D5')
INSERT INTO DDC VALUES('118', 'Force & energy', 'D5')
INSERT INTO DDC VALUES('119', 'Number & quantity', 'D5')
INSERT INTO DDC VALUES('120', 'Epistemology, causation & humankind', 'D6')
INSERT INTO DDC VALUES('121', 'Epistemology', 'D6')
INSERT INTO DDC VALUES('122', 'Causation', 'D6')
INSERT INTO DDC VALUES('123', 'Determinism & indeterminism', 'D6')
INSERT INTO DDC VALUES('124', 'Teleology', 'D6')
INSERT INTO DDC VALUES('126', 'The self', 'D7')
INSERT INTO DDC VALUES('127', 'The unconscious & the subconscious', 'D7')
INSERT INTO DDC VALUES('128', 'Humankind', 'D7')
INSERT INTO DDC VALUES('129', 'Origin & destiny of individual souls', 'D8')
INSERT INTO DDC VALUES('130', 'Parapsychology & occultism', 'D8')
INSERT INTO DDC VALUES('131', 'Parapsychological & occult methods', 'D8')
INSERT INTO DDC VALUES('133', 'Specific topics in parapsychology & occultism', 'D8')
INSERT INTO DDC VALUES('135', 'Dreams & mysteries', 'D8')
INSERT INTO DDC VALUES('137', 'Divinatory graphology', 'D9')
INSERT INTO DDC VALUES('138', 'Physiognomy', 'D9')
INSERT INTO DDC VALUES('139', 'Phrenology', 'D9')
INSERT INTO DDC VALUES('140', 'Specific philosophical schools', 'E1')
INSERT INTO DDC VALUES('141', 'Idealism & related systems', 'E1')
INSERT INTO DDC VALUES('142', 'Critical philosophy', 'E1')
INSERT INTO DDC VALUES('143', 'Bergsonism & intuitionism', 'E1')
INSERT INTO DDC VALUES('144', 'Humanism & related systems', 'E2')
INSERT INTO DDC VALUES('145', 'Sensationalism', 'E2')
INSERT INTO DDC VALUES('146', 'Naturalism & related systems', 'E2')
INSERT INTO DDC VALUES('147', 'Pantheism & related systems', 'E2')
INSERT INTO DDC VALUES('148', 'Eclecticism, liberalism & traditionalism', 'E2')
INSERT INTO DDC VALUES('149', 'Other philosophical systems', 'E2')
INSERT INTO DDC VALUES('150', 'Psychology', 'E2')
INSERT INTO DDC VALUES('152', 'Perception, movement, emotions & drives', 'E3')
INSERT INTO DDC VALUES('153', 'Mental processes & intelligence', 'E4')
INSERT INTO DDC VALUES('154', 'Subconscious & altered states', 'E4')
INSERT INTO DDC VALUES('155', 'Differential & developmental psychology', 'E4')
INSERT INTO DDC VALUES('156', 'Comparative psychology', 'E4')
INSERT INTO DDC VALUES('158', 'Applied psychology', 'E5')
INSERT INTO DDC VALUES('160', 'Logic', 'E5')
INSERT INTO DDC VALUES('161', 'Induction', 'E5')
INSERT INTO DDC VALUES('162', 'Deduction', 'E6')
INSERT INTO DDC VALUES('165', 'Fallacies & sources of error', 'E7')
INSERT INTO DDC VALUES('166', 'Syllogisms', 'E7')
INSERT INTO DDC VALUES('167', 'Hypotheses', 'E7')
INSERT INTO DDC VALUES('168', 'Argument & persuasion', 'E7')
INSERT INTO DDC VALUES('169', 'Analogy', 'E8')
INSERT INTO DDC VALUES('170', 'Ethics', 'E8')
INSERT INTO DDC VALUES('171', 'Ethical systems', 'E8')
INSERT INTO DDC VALUES('172', 'Political ethics', 'E9')
INSERT INTO DDC VALUES('173', 'Ethics of family relationships', 'E9')
INSERT INTO DDC VALUES('174', 'Occupational ethics', 'E9')
INSERT INTO DDC VALUES('175', 'Ethics of recreation & leisure', 'E9')
INSERT INTO DDC VALUES('176', 'Ethics of sex & reproduction', 'E9')
INSERT INTO DDC VALUES('177', 'Ethics of social relations', 'E9')
INSERT INTO DDC VALUES('178', 'Ethics of consumption', 'E9')
INSERT INTO DDC VALUES('179', 'Other ethical norms', 'E9')
INSERT INTO DDC VALUES('180', 'Ancient, medieval & eastern philosophy', 'F1')
INSERT INTO DDC VALUES('181', 'Eastern philosophy', 'F1')
INSERT INTO DDC VALUES('182', 'Pre-Socratic Greek philosophies', 'F1')
INSERT INTO DDC VALUES('183', 'Socratic & related philosophies', 'F2')
INSERT INTO DDC VALUES('184', 'Platonic philosophy', 'F2')
INSERT INTO DDC VALUES('185', 'Aristotelian philosophy', 'F2')
INSERT INTO DDC VALUES('186', 'Skeptic & Neoplatonic philosophies', 'F3')
INSERT INTO DDC VALUES('187', 'Epicurean philosophy', 'F3')
INSERT INTO DDC VALUES('188', 'Stoic philosophy', 'F3')
INSERT INTO DDC VALUES('189', 'Medieval western philosophy', 'F3')
INSERT INTO DDC VALUES('190', 'Modern western philosophy', 'F3')
INSERT INTO DDC VALUES('191', 'Philosophy of United States & Canada', 'F3')
INSERT INTO DDC VALUES('192', 'Philosophy of British Isles', 'F3')
INSERT INTO DDC VALUES('193', 'Philosophy of Germany & Austria', 'F4')
INSERT INTO DDC VALUES('194', 'Philosophy of France', 'F4')
INSERT INTO DDC VALUES('195', 'Philosophy of Italy', 'F4')
INSERT INTO DDC VALUES('196', 'Philosophy of Spain & Portugal', 'F4')
INSERT INTO DDC VALUES('197', 'Philosophy of former Soviet Union', 'F5')
INSERT INTO DDC VALUES('198', 'Philosophy of Scandinavia', 'F5')
INSERT INTO DDC VALUES('199', 'Philosophy in other geographic areas', 'F6')
INSERT INTO DDC VALUES('200', 'Religion', 'F6')
INSERT INTO DDC VALUES('201', 'Religious mythology & social theology', 'F6')
INSERT INTO DDC VALUES('202', 'Doctrines', 'F7')
INSERT INTO DDC VALUES('203', 'Public worship & other practices', 'F7')
INSERT INTO DDC VALUES('204', 'Religious experience, life & practice', 'F7')
INSERT INTO DDC VALUES('205', 'Religious ethics', 'F7')
INSERT INTO DDC VALUES('206', 'Leaders & organization', 'F7')
INSERT INTO DDC VALUES('207', 'Missions & religious education', 'F7')
INSERT INTO DDC VALUES('208', 'Sources', 'F8')
INSERT INTO DDC VALUES('209', 'Sects & reform movements', 'F8')
INSERT INTO DDC VALUES('210', 'Philosophy & theory of religion', 'F8')
INSERT INTO DDC VALUES('211', 'Concepts of God', 'F8')
INSERT INTO DDC VALUES('212', 'Existence, knowability & attributes of God', 'F8')
INSERT INTO DDC VALUES('213', 'Creation', 'F8')
INSERT INTO DDC VALUES('214', 'Theodicy', 'F8')
INSERT INTO DDC VALUES('215', 'Science & religion', 'F9')
INSERT INTO DDC VALUES('218', 'Humankind', 'F9')
INSERT INTO DDC VALUES('220', 'Bible', 'G1')
INSERT INTO DDC VALUES('221', 'Old Testament (Tanakh)', 'G1')
INSERT INTO DDC VALUES('222', 'Historical books of Old Testament', 'G1')
INSERT INTO DDC VALUES('223', 'Poetic books of Old Testament', 'G1')
INSERT INTO DDC VALUES('224', 'Prophetic books of Old Testament', 'G1')
INSERT INTO DDC VALUES('225', 'New Testament', 'G2')
INSERT INTO DDC VALUES('226', 'Gospels & Acts', 'G2')
INSERT INTO DDC VALUES('227', 'Epistles', 'G2')
INSERT INTO DDC VALUES('228', 'Revelation (Apocalypse)', 'G2')
INSERT INTO DDC VALUES('229', 'Apocrypha & pseudepigrapha', 'G2')
INSERT INTO DDC VALUES('230', 'Christianity & Christian theology', 'G3')
INSERT INTO DDC VALUES('231', 'God', 'G3')
INSERT INTO DDC VALUES('232', 'Jesus Christ & his family', 'G3')
INSERT INTO DDC VALUES('233', 'Humankind', 'G4')
INSERT INTO DDC VALUES('234', 'Salvation & grace', 'G4')
INSERT INTO DDC VALUES('235', 'Spiritual beings', 'G4')
INSERT INTO DDC VALUES('236', 'Eschatology', 'G4')
INSERT INTO DDC VALUES('238', 'Creeds & catechisms', 'G5')
INSERT INTO DDC VALUES('239', 'Apologetics & polemics', 'G5')
INSERT INTO DDC VALUES('240', 'Christian moral & devotional theology', 'G5')
INSERT INTO DDC VALUES('241', 'Christian ethics', 'G5')
INSERT INTO DDC VALUES('242', 'Devotional literature', 'G6')
INSERT INTO DDC VALUES('243', 'Evangelistic writings for individuals', 'G6')
INSERT INTO DDC VALUES('246', 'Use of art in Christianity', 'G6')
INSERT INTO DDC VALUES('247', 'Church furnishings & articles', 'G7')
INSERT INTO DDC VALUES('248', 'Christian experience, practice & life', 'G7')
INSERT INTO DDC VALUES('249', 'Christian observances in family life', 'G8')
INSERT INTO DDC VALUES('250', 'Christian orders & local church', 'G8')
INSERT INTO DDC VALUES('251', 'Preaching', 'G8')
INSERT INTO DDC VALUES('252', 'Texts of sermons', 'G8')
INSERT INTO DDC VALUES('253', 'Pastoral office & work', 'G8')
INSERT INTO DDC VALUES('254', 'Parish administration', 'G8')
INSERT INTO DDC VALUES('255', 'Religious congregations & orders', 'G9')
INSERT INTO DDC VALUES('259', 'Pastoral care of families & kinds of persons', 'G9')
INSERT INTO DDC VALUES('260', 'Social & ecclesiastical theology', 'H1')
INSERT INTO DDC VALUES('261', 'Social theology', 'H1')
INSERT INTO DDC VALUES('262', 'Ecclesiology', 'H1')
INSERT INTO DDC VALUES('263', 'Days, times & places of observance', 'H1')
INSERT INTO DDC VALUES('264', 'Public worship', 'H1')
INSERT INTO DDC VALUES('265', 'Sacraments, other rites & acts', 'H1')
INSERT INTO DDC VALUES('266', 'Missions', 'H2')
INSERT INTO DDC VALUES('267', 'Associations for religious work', 'H2')
INSERT INTO DDC VALUES('268', 'Religious education', 'H2')
INSERT INTO DDC VALUES('269', 'Spiritual renewal', 'H2')
INSERT INTO DDC VALUES('270', 'History of Christianity & Christian church', 'H2')
INSERT INTO DDC VALUES('271', 'Religious orders in church history', 'H3')
INSERT INTO DDC VALUES('272', 'Persecutions in church history', 'H3')
INSERT INTO DDC VALUES('273', 'Doctrinal controversies & heresies', 'H3')
INSERT INTO DDC VALUES('274', 'History of Christianity in Europe', 'H3')
INSERT INTO DDC VALUES('275', 'History of Christianity in Asia', 'H3')
INSERT INTO DDC VALUES('276', 'History of Christianity in Africa', 'H4')
INSERT INTO DDC VALUES('277', 'History of Christianity in North America', 'H4')
INSERT INTO DDC VALUES('278', 'History of Christianity in South America', 'H4')
INSERT INTO DDC VALUES('279', 'History of Christianity in other areas', 'H4')
INSERT INTO DDC VALUES('280', 'Christian denominations & sects', 'H5')
INSERT INTO DDC VALUES('281', 'Early church & Eastern churches', 'H6')
INSERT INTO DDC VALUES('282', 'Roman Catholic Church', 'H6')
INSERT INTO DDC VALUES('283', 'Anglican churches', 'H6')
INSERT INTO DDC VALUES('284', 'Protestants of Continental origin', 'H6')
INSERT INTO DDC VALUES('285', 'Presbyterian, Reformed & Congregational', 'H7')
INSERT INTO DDC VALUES('286', 'Baptist, Disciples of Christ & Adventist', 'H7')
INSERT INTO DDC VALUES('287', 'Methodist & related churches', 'H7')
INSERT INTO DDC VALUES('289', 'Other denominations & sects', 'H7')
INSERT INTO DDC VALUES('290', 'Other religions', 'H8')
INSERT INTO DDC VALUES('292', 'Greek & Roman religion', 'H8')
INSERT INTO DDC VALUES('293', 'Germanic religion', 'H8')
INSERT INTO DDC VALUES('294', 'Religions of Indic origin', 'H8')
INSERT INTO DDC VALUES('295', 'Zoroastrianism', 'H8')
INSERT INTO DDC VALUES('296', 'Judaism', 'H9')
INSERT INTO DDC VALUES('297', 'Islam, Babism & Bahai Faith', 'H9')
INSERT INTO DDC VALUES('298', '(Optional number)', 'H9')
INSERT INTO DDC VALUES('299', 'Religions not provided for elsewhere', 'H9')
INSERT INTO DDC VALUES('300', 'Social sciences', 'I1')
INSERT INTO DDC VALUES('301', 'Sociology & anthropology', 'I1')
INSERT INTO DDC VALUES('302', 'Social interaction', 'I2')
INSERT INTO DDC VALUES('303', 'Social processes', 'I2')
INSERT INTO DDC VALUES('304', 'Factors affecting social behavior', 'I2')
INSERT INTO DDC VALUES('305', 'Social groups', 'I2')
INSERT INTO DDC VALUES('306', 'Culture & institutions', 'I2')
INSERT INTO DDC VALUES('307', 'Communities', 'I2')
INSERT INTO DDC VALUES('310', 'Collections of general statistics', 'I3')
INSERT INTO DDC VALUES('314', 'General statistics of Europe', 'I4')
INSERT INTO DDC VALUES('315', 'General statistics of Asia', 'I5')
INSERT INTO DDC VALUES('316', 'General statistics of Africa', 'I5')
INSERT INTO DDC VALUES('317', 'General statistics of North America', 'I6')
INSERT INTO DDC VALUES('318', 'General statistics of South America', 'I6')
INSERT INTO DDC VALUES('319', 'General statistics of other areas', 'I6')
INSERT INTO DDC VALUES('320', 'Political science', 'I6')
INSERT INTO DDC VALUES('321', 'Systems of governments & states', 'I6')
INSERT INTO DDC VALUES('322', 'Relation of state to organized groups', 'I6')
INSERT INTO DDC VALUES('323', 'Civil & political rights', 'I6')
INSERT INTO DDC VALUES('324', 'The political process', 'I6')
INSERT INTO DDC VALUES('325', 'International migration & colonization', 'I7')
INSERT INTO DDC VALUES('326', 'Slavery & emancipation', 'I7')
INSERT INTO DDC VALUES('327', 'International relations', 'I7')
INSERT INTO DDC VALUES('328', 'The legislative process', 'I7')
INSERT INTO DDC VALUES('330', 'Economics', 'I7')
INSERT INTO DDC VALUES('331', 'Labor economics', 'I8')
INSERT INTO DDC VALUES('332', 'Financial economics', 'I8')
INSERT INTO DDC VALUES('333', 'Economics of land & energy', 'I8')
INSERT INTO DDC VALUES('334', 'Cooperatives', 'I8')
INSERT INTO DDC VALUES('335', 'Socialism & related systems', 'I8')
INSERT INTO DDC VALUES('336', 'Public finance', 'I9')
INSERT INTO DDC VALUES('337', 'International economics', 'I9')
INSERT INTO DDC VALUES('338', 'Production', 'I9')
INSERT INTO DDC VALUES('339', 'Macroeconomics & related topics', 'I9')
INSERT INTO DDC VALUES('340', 'Law', 'J1')
INSERT INTO DDC VALUES('341', 'Law of nations', 'J1')
INSERT INTO DDC VALUES('342', 'Constitutional & administrative law', 'J1')
INSERT INTO DDC VALUES('343', 'Military, tax, trade & industrial law', 'J1')
INSERT INTO DDC VALUES('344', 'Labor, social, education & cultural law', 'J1')
INSERT INTO DDC VALUES('345', 'Criminal law', 'J1')
INSERT INTO DDC VALUES('346', 'Private law', 'J2')
INSERT INTO DDC VALUES('347', 'Civil procedure & courts', 'J2')
INSERT INTO DDC VALUES('348', 'Laws, regulations & cases', 'J3')
INSERT INTO DDC VALUES('349', 'Law of specific jurisdictions & areas', 'J3')
INSERT INTO DDC VALUES('350', 'Public administration & military science', 'J3')
INSERT INTO DDC VALUES('351', 'Public administration', 'J3')
INSERT INTO DDC VALUES('352', 'General considerations of public administration', 'J3')
INSERT INTO DDC VALUES('353', 'Specific fields of public administration', 'J3')
INSERT INTO DDC VALUES('354', 'Administration of economy & environment', 'J3')
INSERT INTO DDC VALUES('355', 'Military science', 'J4')
INSERT INTO DDC VALUES('356', 'Infantry forces & warfare', 'J4')
INSERT INTO DDC VALUES('357', 'Mounted forces & warfare', 'J5')
INSERT INTO DDC VALUES('358', 'Air & other specialized forces', 'J5')
INSERT INTO DDC VALUES('359', 'Sea forces & warfare', 'J5')
INSERT INTO DDC VALUES('360', 'Social problems & services; associations', 'J5')
INSERT INTO DDC VALUES('361', 'Social problems & social welfare in general', 'J5')
INSERT INTO DDC VALUES('362', 'Social welfare problems & services', 'J6')
INSERT INTO DDC VALUES('363', 'Other social problems & services', 'J6')
INSERT INTO DDC VALUES('364', 'Criminology', 'J6')
INSERT INTO DDC VALUES('365', 'Penal & related institutions', 'J6')
INSERT INTO DDC VALUES('366', 'Associations', 'J7')
INSERT INTO DDC VALUES('367', 'General clubs', 'J7')
INSERT INTO DDC VALUES('368', 'Insurance', 'J7')
INSERT INTO DDC VALUES('369', 'Miscellaneous kinds of associations', 'J8')
INSERT INTO DDC VALUES('370', 'Education', 'J8')
INSERT INTO DDC VALUES('371', 'Schools & their activities; special education', 'J8')
INSERT INTO DDC VALUES('372', 'Elementary education', 'J8')
INSERT INTO DDC VALUES('373', 'Secondary education', 'J8')
INSERT INTO DDC VALUES('374', 'Adult education', 'J9')
INSERT INTO DDC VALUES('375', 'Curricula', 'J9')
INSERT INTO DDC VALUES('378', 'Higher education', 'J9')
INSERT INTO DDC VALUES('379', 'Public policy issues in education', 'J9')
INSERT INTO DDC VALUES('380', 'Commerce, communications & transportation', 'K1')
INSERT INTO DDC VALUES('381', 'Commerce', 'K1')
INSERT INTO DDC VALUES('382', 'International commerce', 'K1')
INSERT INTO DDC VALUES('383', 'Postal communication', 'K1')
INSERT INTO DDC VALUES('384', 'Communications; telecommunication', 'K2')
INSERT INTO DDC VALUES('385', 'Railroad transportation', 'K2')
INSERT INTO DDC VALUES('386', 'Inland waterway & ferry transportation', 'K2')
INSERT INTO DDC VALUES('387', 'Water, air & space transportation', 'K2')
INSERT INTO DDC VALUES('388', 'Transportation; ground transportation', 'K2')
INSERT INTO DDC VALUES('389', 'Metrology & standardization', 'K2')
INSERT INTO DDC VALUES('390', 'Customs, etiquette & folklore', 'K3')
INSERT INTO DDC VALUES('391', 'Costume & personal appearance', 'K3')
INSERT INTO DDC VALUES('392', 'Customs of life cycle & domestic life', 'K3')
INSERT INTO DDC VALUES('393', 'Death customs', 'K4')
INSERT INTO DDC VALUES('394', 'General customs', 'K4')
INSERT INTO DDC VALUES('395', 'Etiquette (Manners)', 'K4')
INSERT INTO DDC VALUES('398', 'Folklore', 'K4')
INSERT INTO DDC VALUES('399', 'Customs of war & diplomacy', 'K5')
INSERT INTO DDC VALUES('400', 'Language', 'K5')
INSERT INTO DDC VALUES('401', 'Philosophy & theory', 'K5')
INSERT INTO DDC VALUES('402', 'Miscellany', 'K5')
INSERT INTO DDC VALUES('403', 'Dictionaries & encyclopedias', 'K6')
INSERT INTO DDC VALUES('404', 'Special topics', 'K6')
INSERT INTO DDC VALUES('405', 'Serial publications', 'K6')
INSERT INTO DDC VALUES('406', 'Organizations & management', 'K6')
INSERT INTO DDC VALUES('407', 'Education, research & related topics', 'K6')
INSERT INTO DDC VALUES('408', 'Kinds of persons treatment', 'K6')
INSERT INTO DDC VALUES('409', 'Geographic & persons treatment', 'K7')
INSERT INTO DDC VALUES('410', 'Linguistics', 'K7')
INSERT INTO DDC VALUES('411', 'Writing systems', 'K7')
INSERT INTO DDC VALUES('412', 'Etymology', 'K7')
INSERT INTO DDC VALUES('413', 'Dictionaries', 'K7')
INSERT INTO DDC VALUES('414', 'Phonology & phonetics', 'K7')
INSERT INTO DDC VALUES('415', 'Grammar', 'K7')
INSERT INTO DDC VALUES('417', 'Dialectology & historical linguistics', 'K8')
INSERT INTO DDC VALUES('418', 'Standard usage & applied linguistics', 'K9')
INSERT INTO DDC VALUES('419', 'Sign languages', 'K9')
INSERT INTO DDC VALUES('420', 'English & Old English', 'L1')
INSERT INTO DDC VALUES('421', 'English writing system & phonology', 'L1')
INSERT INTO DDC VALUES('422', 'English etymology', 'L1')
INSERT INTO DDC VALUES('423', 'English dictionaries', 'L2')
INSERT INTO DDC VALUES('425', 'English grammar', 'L3')
INSERT INTO DDC VALUES('427', 'English language variations', 'L3')
INSERT INTO DDC VALUES('428', 'Standard English usage', 'L3')
INSERT INTO DDC VALUES('429', 'Old English (Anglo-Saxon)', 'L4')
INSERT INTO DDC VALUES('430', 'Germanic languages; German', 'L4')
INSERT INTO DDC VALUES('431', 'German writing systems & phonology', 'L5')
INSERT INTO DDC VALUES('432', 'German etymology', 'L5')
INSERT INTO DDC VALUES('433', 'German dictionaries', 'L5')
INSERT INTO DDC VALUES('435', 'German grammar', 'L5')
INSERT INTO DDC VALUES('437', 'German language variations', 'L6')
INSERT INTO DDC VALUES('438', 'Standard German usage', 'L6')
INSERT INTO DDC VALUES('439', 'Other Germanic languages', 'L6')
INSERT INTO DDC VALUES('440', 'Romance languages; French', 'L7')
INSERT INTO DDC VALUES('441', 'French writing systems & phonology', 'L7')
INSERT INTO DDC VALUES('442', 'French etymology', 'L7')
INSERT INTO DDC VALUES('443', 'French dictionaries', 'L7')
INSERT INTO DDC VALUES('445', 'French grammar', 'L8')
INSERT INTO DDC VALUES('447', 'French language variations', 'L8')
INSERT INTO DDC VALUES('448', 'Standard French usage', 'L8')
INSERT INTO DDC VALUES('449', 'Occitan & Catalan', 'L9')
INSERT INTO DDC VALUES('450', 'Italian, Romanian & related languages', 'M1')
INSERT INTO DDC VALUES('451', 'Italian writing systems & phonology', 'M1')
INSERT INTO DDC VALUES('452', 'Italian etymology', 'M1')
INSERT INTO DDC VALUES('453', 'Italian dictionaries', 'M1')
INSERT INTO DDC VALUES('455', 'Italian grammar', 'M2')
INSERT INTO DDC VALUES('457', 'Italian language variations', 'M3')
INSERT INTO DDC VALUES('458', 'Standard Italian usage', 'M3')
INSERT INTO DDC VALUES('459', 'Romanian & related languages', 'M3')
INSERT INTO DDC VALUES('460', 'Spanish & Portuguese languages', 'M4')
INSERT INTO DDC VALUES('461', 'Spanish writing systems & phonology', 'M4')
INSERT INTO DDC VALUES('462', 'Spanish etymology', 'M5')
INSERT INTO DDC VALUES('463', 'Spanish dictionaries', 'M5')
INSERT INTO DDC VALUES('465', 'Spanish grammar', 'M5')
INSERT INTO DDC VALUES('467', 'Spanish language variations', 'M5')
INSERT INTO DDC VALUES('468', 'Standard Spanish usage', 'M5')
INSERT INTO DDC VALUES('469', 'Portuguese', 'M5')
INSERT INTO DDC VALUES('470', 'Italic languages; Latin', 'M5')
INSERT INTO DDC VALUES('471', 'Classical Latin writing & phonology', 'M6')
INSERT INTO DDC VALUES('472', 'Classical Latin etymology', 'M6')
INSERT INTO DDC VALUES('473', 'Classical Latin dictionaries', 'M6')
INSERT INTO DDC VALUES('475', 'Classical Latin grammar', 'M7')
INSERT INTO DDC VALUES('477', 'Old, postclassical & Vulgar Latin', 'M7')
INSERT INTO DDC VALUES('478', 'Classical Latin usage', 'M7')
INSERT INTO DDC VALUES('479', 'Other Italic languages', 'M8')
INSERT INTO DDC VALUES('480', 'Hellenic languages; classical Greek', 'M8')
INSERT INTO DDC VALUES('481', 'Classical Greek writing & phonology', 'M8')
INSERT INTO DDC VALUES('482', 'Classical Greek etymology', 'M8')
INSERT INTO DDC VALUES('483', 'Classical Greek dictionaries', 'M8')
INSERT INTO DDC VALUES('485', 'Classical Greek grammar', 'M9')
INSERT INTO DDC VALUES('487', 'Preclassical & postclassical Greek', 'M9')
INSERT INTO DDC VALUES('488', 'Classical Greek usage', 'M9')
INSERT INTO DDC VALUES('489', 'Other Hellenic languages', 'M9')
INSERT INTO DDC VALUES('490', 'Other languages', 'N1')
INSERT INTO DDC VALUES('491', 'East Indo-European & Celtic languages', 'N1')
INSERT INTO DDC VALUES('492', 'Afro-Asiatic languages; Semitic languages', 'N1')
INSERT INTO DDC VALUES('493', 'Non-Semitic Afro-Asiatic languages', 'N1')
INSERT INTO DDC VALUES('494', 'Altaic, Uralic, Hyperborean & Dravidian', 'N1')
INSERT INTO DDC VALUES('495', 'Languages of East & Southeast Asia', 'N2')
INSERT INTO DDC VALUES('496', 'African languages', 'N2')
INSERT INTO DDC VALUES('497', 'North American native languages', 'N2')
INSERT INTO DDC VALUES('498', 'South American native languages', 'N2')
INSERT INTO DDC VALUES('499', 'Austronesian & other languages', 'N2')
INSERT INTO DDC VALUES('500', 'Natural sciences & mathematics', 'N3')
INSERT INTO DDC VALUES('501', 'Philosophy & theory', 'N3')
INSERT INTO DDC VALUES('502', 'Miscellany', 'N3')
INSERT INTO DDC VALUES('503', 'Dictionaries & encyclopedias', 'N3')
INSERT INTO DDC VALUES('505', 'Serial publications', 'N4')
INSERT INTO DDC VALUES('506', 'Organizations & management', 'N4')
INSERT INTO DDC VALUES('507', 'Education, research & related topics', 'N4')
INSERT INTO DDC VALUES('508', 'Natural history', 'N4')
INSERT INTO DDC VALUES('509', 'Historical, geographic & persons treatment', 'N4')
INSERT INTO DDC VALUES('510', 'Mathematics', 'N4')
INSERT INTO DDC VALUES('511', 'General principles of mathematics', 'N5')
INSERT INTO DDC VALUES('512', 'Algebra', 'N5')
INSERT INTO DDC VALUES('513', 'Arithmetic', 'N5')
INSERT INTO DDC VALUES('514', 'Topology', 'N5')
INSERT INTO DDC VALUES('515', 'Analysis', 'N6')
INSERT INTO DDC VALUES('516', 'Geometry', 'N6')
INSERT INTO DDC VALUES('518', 'Numerical analysis', 'N7')
INSERT INTO DDC VALUES('519', 'Probabilities & applied mathematics', 'N7')
INSERT INTO DDC VALUES('520', 'Astronomy & allied sciences', 'N7')
INSERT INTO DDC VALUES('521', 'Celestial mechanics', 'N7')
INSERT INTO DDC VALUES('522', 'Techniques, equipment & materials', 'N7')
INSERT INTO DDC VALUES('523', 'Specific celestial bodies & phenomena', 'N8')
INSERT INTO DDC VALUES('525', 'Earth (Astronomical geography)', 'N8')
INSERT INTO DDC VALUES('526', 'Mathematical geography', 'N9')
INSERT INTO DDC VALUES('527', 'Celestial navigation', 'N9')
INSERT INTO DDC VALUES('528', 'Ephemerides', 'N9')
INSERT INTO DDC VALUES('529', 'Chronology', 'N9')
INSERT INTO DDC VALUES('530', 'Physics', 'O1')
INSERT INTO DDC VALUES('531', 'Classical mechanics; solid mechanics', 'O1')
INSERT INTO DDC VALUES('532', 'Fluid mechanics; liquid mechanics', 'O1')
INSERT INTO DDC VALUES('533', 'Gas mechanics', 'O1')
INSERT INTO DDC VALUES('534', 'Sound & related vibrations', 'O2')
INSERT INTO DDC VALUES('535', 'Light & infrared & ultraviolet phenomena', 'O2')
INSERT INTO DDC VALUES('536', 'Heat', 'O2')
INSERT INTO DDC VALUES('537', 'Electricity & electronics', 'O2')
INSERT INTO DDC VALUES('538', 'Magnetism', 'O3')
INSERT INTO DDC VALUES('539', 'Modern physics', 'O3')
INSERT INTO DDC VALUES('540', 'Chemistry & allied sciences', 'O3')
INSERT INTO DDC VALUES('541', 'Physical chemistry', 'O3')
INSERT INTO DDC VALUES('542', 'Techniques, equipment & materials', 'O4')
INSERT INTO DDC VALUES('543', 'Analytical chemistry', 'O5')
INSERT INTO DDC VALUES('546', 'Inorganic chemistry', 'O5')
INSERT INTO DDC VALUES('547', 'Organic chemistry', 'O5')
INSERT INTO DDC VALUES('548', 'Crystallography', 'O5')
INSERT INTO DDC VALUES('549', 'Mineralogy', 'O5')
INSERT INTO DDC VALUES('550', 'Earth sciences', 'O6')
INSERT INTO DDC VALUES('551', 'Geology, hydrology & meteorology', 'O6')
INSERT INTO DDC VALUES('552', 'Petrology', 'O6')
INSERT INTO DDC VALUES('553', 'Economic geology', 'O6')
INSERT INTO DDC VALUES('554', 'Earth sciences of Europe', 'O7')
INSERT INTO DDC VALUES('555', 'Earth sciences of Asia', 'O7')
INSERT INTO DDC VALUES('556', 'Earth sciences of Africa', 'O7')
INSERT INTO DDC VALUES('557', 'Earth sciences of North America', 'O7')
INSERT INTO DDC VALUES('558', 'Earth sciences of South America', 'O7')
INSERT INTO DDC VALUES('559', 'Earth sciences of other areas', 'O8')
INSERT INTO DDC VALUES('560', 'Paleontology; paleozoology', 'O8')
INSERT INTO DDC VALUES('561', 'Paleobotany; fossil microorganisms', 'O8')
INSERT INTO DDC VALUES('562', 'Fossil invertebrates', 'O8')
INSERT INTO DDC VALUES('563', 'Fossil marine & seashore invertebrates', 'O8')
INSERT INTO DDC VALUES('564', 'Fossil mollusks & molluscoids', 'O8')
INSERT INTO DDC VALUES('565', 'Fossil arthropods', 'O8')
INSERT INTO DDC VALUES('566', 'Fossil chordates', 'O8')
INSERT INTO DDC VALUES('567', 'Fossil cold-blooded vertebrates; fossil fishes', 'O8')
INSERT INTO DDC VALUES('568', 'Fossil birds', 'O9')
INSERT INTO DDC VALUES('569', 'Fossil mammals', 'O9')
INSERT INTO DDC VALUES('570', 'Life sciences; biology', 'P1')
INSERT INTO DDC VALUES('571', 'Physiology & related subjects', 'P1')
INSERT INTO DDC VALUES('572', 'Biochemistry', 'P1')
INSERT INTO DDC VALUES('573', 'Specific physiological systems in animals', 'P1')
INSERT INTO DDC VALUES('575', 'Specific parts of & systems in plants', 'P1')
INSERT INTO DDC VALUES('576', 'Genetics & evolution', 'P1')
INSERT INTO DDC VALUES('577', 'Ecology', 'P2')
INSERT INTO DDC VALUES('578', 'Natural history of organisms', 'P3')
INSERT INTO DDC VALUES('579', 'Microorganisms, fungi & algae', 'P3')
INSERT INTO DDC VALUES('580', 'Plants (Botany)', 'P3')
INSERT INTO DDC VALUES('581', 'Specific topics in natural history', 'P4')
INSERT INTO DDC VALUES('582', 'Plants noted for characteristics & flowers', 'P5')
INSERT INTO DDC VALUES('583', 'Dicotyledons', 'P5')
INSERT INTO DDC VALUES('584', 'Monocotyledons', 'P5')
INSERT INTO DDC VALUES('585', 'Gymnosperms; conifers', 'P5')
INSERT INTO DDC VALUES('586', 'Seedless plants', 'P6')
INSERT INTO DDC VALUES('587', 'Vascular seedless plants', 'P6')
INSERT INTO DDC VALUES('588', 'Bryophytes', 'P6')
INSERT INTO DDC VALUES('590', 'Animals (Zoology)', 'P7')
INSERT INTO DDC VALUES('591', 'Specific topics in natural history', 'P7')
INSERT INTO DDC VALUES('592', 'Invertebrates', 'P7')
INSERT INTO DDC VALUES('593', 'Marine & seashore invertebrates', 'P7')
INSERT INTO DDC VALUES('594', 'Mollusks & molluscoids', 'P7')
INSERT INTO DDC VALUES('595', 'Arthropods', 'P8')
INSERT INTO DDC VALUES('596', 'Chordates', 'P8')
INSERT INTO DDC VALUES('597', 'Cold-blooded vertebrates; fishes', 'P8')
INSERT INTO DDC VALUES('598', 'Birds', 'P8')
INSERT INTO DDC VALUES('599', 'Mammals', 'P8')
INSERT INTO DDC VALUES('600', 'Technology', 'P8')
INSERT INTO DDC VALUES('601', 'Philosophy & theory', 'P8')
INSERT INTO DDC VALUES('602', 'Miscellany', 'P8')
INSERT INTO DDC VALUES('603', 'Dictionaries & encyclopedias', 'P8')
INSERT INTO DDC VALUES('604', 'Special topics', 'P8')
INSERT INTO DDC VALUES('605', 'Serial publications', 'P8')
INSERT INTO DDC VALUES('606', 'Organizations', 'P8')
INSERT INTO DDC VALUES('607', 'Education, research & related topics', 'P8')
INSERT INTO DDC VALUES('608', 'Inventions & patents', 'P9')
INSERT INTO DDC VALUES('609', 'Historical, geographic & persons treatment', 'P9')
INSERT INTO DDC VALUES('610', 'Medicine & health', 'Q1')
INSERT INTO DDC VALUES('611', 'Human anatomy, cytology & histology', 'Q1')
INSERT INTO DDC VALUES('612', 'Human physiology', 'Q1')
INSERT INTO DDC VALUES('613', 'Personal health & safety', 'Q1')
INSERT INTO DDC VALUES('614', 'Incidence & prevention of disease', 'Q1')
INSERT INTO DDC VALUES('615', 'Pharmacology & therapeutics', 'Q1')
INSERT INTO DDC VALUES('616', 'Diseases', 'Q1')
INSERT INTO DDC VALUES('617', 'Surgery & related medical specialties', 'Q2')
INSERT INTO DDC VALUES('618', 'Gynecology, obstetrics, pediatrics & geriatrics', 'Q2')
INSERT INTO DDC VALUES('620', 'Engineering & allied operations', 'Q2')
INSERT INTO DDC VALUES('621', 'Applied physics', 'Q2')
INSERT INTO DDC VALUES('622', 'Mining & related operations', 'Q2')
INSERT INTO DDC VALUES('623', 'Military & nautical engineering', 'Q2')
INSERT INTO DDC VALUES('624', 'Civil engineering', 'Q2')
INSERT INTO DDC VALUES('625', 'Engineering of railroads & roads', 'Q3')
INSERT INTO DDC VALUES('627', 'Hydraulic engineering', 'Q4')
INSERT INTO DDC VALUES('628', 'Sanitary & municipal engineering', 'Q4')
INSERT INTO DDC VALUES('629', 'Other branches of engineering', 'Q4')
INSERT INTO DDC VALUES('630', 'Agriculture & related technologies', 'Q5')
INSERT INTO DDC VALUES('631', 'Techniques, equipment & materials', 'Q5')
INSERT INTO DDC VALUES('632', 'Plant injuries, diseases & pests', 'Q5')
INSERT INTO DDC VALUES('633', 'Field & plantation crops', 'Q5')
INSERT INTO DDC VALUES('634', 'Orchards, fruits & forestry', 'Q6')
INSERT INTO DDC VALUES('635', 'Garden crops (Horticulture)', 'Q6')
INSERT INTO DDC VALUES('636', 'Animal husbandry', 'Q6')
INSERT INTO DDC VALUES('637', 'Processing dairy & related products', 'Q6')
INSERT INTO DDC VALUES('638', 'Insect culture', 'Q7')
INSERT INTO DDC VALUES('639', 'Hunting, fishing & conservation', 'Q7')
INSERT INTO DDC VALUES('640', 'Home & family management', 'Q7')
INSERT INTO DDC VALUES('641', 'Food & drink', 'Q7')
INSERT INTO DDC VALUES('642', 'Meals & table service', 'Q8')
INSERT INTO DDC VALUES('643', 'Housing & household equipment', 'Q8')
INSERT INTO DDC VALUES('644', 'Household utilities', 'Q8')
INSERT INTO DDC VALUES('645', 'Household furnishings', 'Q9')
INSERT INTO DDC VALUES('646', 'Sewing, clothing & personal living', 'Q9')
INSERT INTO DDC VALUES('647', 'Management of public households', 'Q9')
INSERT INTO DDC VALUES('648', 'Housekeeping', 'Q9')
INSERT INTO DDC VALUES('649', 'Child rearing & home care of persons', 'Q9')
INSERT INTO DDC VALUES('650', 'Management & auxiliary services', 'R1')
INSERT INTO DDC VALUES('651', 'Office services', 'R1')
INSERT INTO DDC VALUES('652', 'Processes of written communication', 'R1')
INSERT INTO DDC VALUES('653', 'Shorthand', 'R1')
INSERT INTO DDC VALUES('657', 'Accounting', 'R2')
INSERT INTO DDC VALUES('658', 'General management', 'R2')
INSERT INTO DDC VALUES('659', 'Advertising & public relations', 'R2')
INSERT INTO DDC VALUES('660', 'Chemical engineering', 'R2')
INSERT INTO DDC VALUES('661', 'Industrial chemicals', 'R3')
INSERT INTO DDC VALUES('662', 'Explosives, fuels & related products', 'R3')
INSERT INTO DDC VALUES('663', 'Beverage technology', 'R3')
INSERT INTO DDC VALUES('664', 'Food technology', 'R3')
INSERT INTO DDC VALUES('665', 'Industrial oils, fats, waxes & gases', 'R3')
INSERT INTO DDC VALUES('666', 'Ceramic & allied technologies', 'R4')
INSERT INTO DDC VALUES('667', 'Cleaning, color & coating technologies', 'R5')
INSERT INTO DDC VALUES('668', 'Technology of other organic products', 'R5')
INSERT INTO DDC VALUES('669', 'Metallurgy', 'R5')
INSERT INTO DDC VALUES('670', 'Manufacturing', 'R5')
INSERT INTO DDC VALUES('671', 'Metalworking & primary metal products', 'R5')
INSERT INTO DDC VALUES('672', 'Iron, steel & other iron alloys', 'R5')
INSERT INTO DDC VALUES('673', 'Nonferrous metals', 'R6')
INSERT INTO DDC VALUES('674', 'Lumber processing, wood products & cork', 'R6')
INSERT INTO DDC VALUES('675', 'Leather & fur processing', 'R7')
INSERT INTO DDC VALUES('676', 'Pulp & paper technology', 'R7')
INSERT INTO DDC VALUES('677', 'Textiles', 'R7')
INSERT INTO DDC VALUES('678', 'Elastomers & elastomer products', 'R8')
INSERT INTO DDC VALUES('679', 'Other products of specific materials', 'R8')
INSERT INTO DDC VALUES('680', 'Manufacture for specific uses', 'R8')
INSERT INTO DDC VALUES('681', 'Precision instruments & other devices', 'R8')
INSERT INTO DDC VALUES('682', 'Small forge work (Blacksmithing)', 'R9')
INSERT INTO DDC VALUES('683', 'Hardware & household appliances', 'R9')
INSERT INTO DDC VALUES('684', 'Furnishings & home workshops', 'R9')
INSERT INTO DDC VALUES('685', 'Leather, fur goods & related products', 'R9')
INSERT INTO DDC VALUES('686', 'Printing & related activities', 'R9')
INSERT INTO DDC VALUES('687', 'Clothing & accessories', 'R9')
INSERT INTO DDC VALUES('688', 'Other final products & packaging', 'R9')
INSERT INTO DDC VALUES('690', 'Buildings', 'S1')
INSERT INTO DDC VALUES('691', 'Building materials', 'S1')
INSERT INTO DDC VALUES('692', 'Auxiliary construction practices', 'S1')
INSERT INTO DDC VALUES('693', 'Specific materials & purposes', 'S1')
INSERT INTO DDC VALUES('694', 'Wood construction & carpentry', 'S1')
INSERT INTO DDC VALUES('695', 'Roof covering', 'S1')
INSERT INTO DDC VALUES('696', 'Utilities', 'S1')
INSERT INTO DDC VALUES('697', 'Heating, ventilating & air-conditioning', 'S1')
INSERT INTO DDC VALUES('698', 'Detail finishing', 'S2')
INSERT INTO DDC VALUES('700', 'The arts; fine & decorative arts', 'S3')
INSERT INTO DDC VALUES('701', 'Philosophy of fine & decorative arts', 'S3')
INSERT INTO DDC VALUES('702', 'Miscellany of fine & decorative arts', 'S3')
INSERT INTO DDC VALUES('703', 'Dictionaries of fine & decorative arts', 'S3')
INSERT INTO DDC VALUES('704', 'Special topics in fine & decorative arts', 'S4')
INSERT INTO DDC VALUES('705', 'Serial publications of fine & decorative arts', 'S5')
INSERT INTO DDC VALUES('706', 'Organizations & management', 'S5')
INSERT INTO DDC VALUES('707', 'Education, research & related topics', 'S5')
INSERT INTO DDC VALUES('708', 'Galleries, museums & private collections', 'S5')
INSERT INTO DDC VALUES('709', 'Historical, geographic & persons treatment', 'S5')
INSERT INTO DDC VALUES('710', 'Civic & landscape art', 'S5')
INSERT INTO DDC VALUES('711', 'Area planning', 'S6')
INSERT INTO DDC VALUES('712', 'Landscape architecture', 'S6')
INSERT INTO DDC VALUES('713', 'Landscape architecture of trafficways', 'S6')
INSERT INTO DDC VALUES('714', 'Water features', 'S6')
INSERT INTO DDC VALUES('715', 'Woody plants', 'S6')
INSERT INTO DDC VALUES('716', 'Herbaceous plants', 'S6')
INSERT INTO DDC VALUES('717', 'Structures in landscape architecture', 'S7')
INSERT INTO DDC VALUES('718', 'Landscape design of cemeteries', 'S7')
INSERT INTO DDC VALUES('719', 'Natural landscapes', 'S7')
INSERT INTO DDC VALUES('720', 'Architecture', 'S7')
INSERT INTO DDC VALUES('721', 'Architectural structure', 'S7')
INSERT INTO DDC VALUES('722', 'Architecture to ca. 300', 'S8')
INSERT INTO DDC VALUES('723', 'Architecture from ca. 300 to 1399', 'S8')
INSERT INTO DDC VALUES('724', 'Architecture from 1400', 'S8')
INSERT INTO DDC VALUES('725', 'Public structures', 'S8')
INSERT INTO DDC VALUES('726', 'Buildings for religious purposes', 'S8')
INSERT INTO DDC VALUES('727', 'Buildings for education & research', 'S8')
INSERT INTO DDC VALUES('728', 'Residential & related buildings', 'S9')
INSERT INTO DDC VALUES('729', 'Design & decoration', 'S9')
INSERT INTO DDC VALUES('730', 'Plastic arts; sculpture', 'T1')
INSERT INTO DDC VALUES('731', 'Processes, forms & subjects of sculpture', 'T1')
INSERT INTO DDC VALUES('732', 'Sculpture to ca. 500', 'T1')
INSERT INTO DDC VALUES('733', 'Greek, Etruscan & Roman sculpture', 'T1')
INSERT INTO DDC VALUES('734', 'Sculpture from ca. 500 to 1399', 'T2')
INSERT INTO DDC VALUES('735', 'Sculpture from 1400', 'T2')
INSERT INTO DDC VALUES('736', 'Carving & carvings', 'T2')
INSERT INTO DDC VALUES('737', 'Numismatics & sigillography', 'T2')
INSERT INTO DDC VALUES('738', 'Ceramic arts', 'T2')
INSERT INTO DDC VALUES('739', 'Art metalwork', 'T3')
INSERT INTO DDC VALUES('740', 'Drawing & decorative arts', 'T3')
INSERT INTO DDC VALUES('741', 'Drawing & drawings', 'T3')
INSERT INTO DDC VALUES('742', 'Perspective', 'T3')
INSERT INTO DDC VALUES('743', 'Drawing & drawings by subject', 'T3')
INSERT INTO DDC VALUES('745', 'Decorative arts', 'T4')
INSERT INTO DDC VALUES('746', 'Textile arts', 'T4')
INSERT INTO DDC VALUES('747', 'Interior decoration', 'T4')
INSERT INTO DDC VALUES('748', 'Glass', 'T5')
INSERT INTO DDC VALUES('749', 'Furniture & accessories', 'T5')
INSERT INTO DDC VALUES('750', 'Painting & paintings', 'T5')
INSERT INTO DDC VALUES('751', 'Techniques, equipment, materials & forms', 'T5')
INSERT INTO DDC VALUES('752', 'Color', 'T5')
INSERT INTO DDC VALUES('753', 'Symbolism, allegory, mythology & legend', 'T6')
INSERT INTO DDC VALUES('754', 'Genre paintings', 'T6')
INSERT INTO DDC VALUES('755', 'Religion', 'T6')
INSERT INTO DDC VALUES('757', 'Human figures', 'T6')
INSERT INTO DDC VALUES('758', 'Other subjects', 'T6')
INSERT INTO DDC VALUES('759', 'Historical, geographic & persons treatment', 'T6')
INSERT INTO DDC VALUES('760', 'Graphic arts; printmaking & prints', 'T6')
INSERT INTO DDC VALUES('761', 'Relief processes (Block printing)', 'T7')
INSERT INTO DDC VALUES('763', 'Lithographic processes', 'T7')
INSERT INTO DDC VALUES('764', 'Chromolithography & serigraphy', 'T7')
INSERT INTO DDC VALUES('765', 'Metal engraving', 'T8')
INSERT INTO DDC VALUES('766', 'Mezzotinting, aquatinting & related processes', 'T8')
INSERT INTO DDC VALUES('767', 'Etching & drypoint', 'T8')
INSERT INTO DDC VALUES('769', 'Prints', 'T9')
INSERT INTO DDC VALUES('770', 'Photography, photographs & computer art', 'U1')
INSERT INTO DDC VALUES('771', 'Techniques, equipment & materials', 'U1')
INSERT INTO DDC VALUES('772', 'Metallic salt processes', 'U1')
INSERT INTO DDC VALUES('773', 'Pigment processes of printing', 'U2')
INSERT INTO DDC VALUES('774', 'Holography', 'U2')
INSERT INTO DDC VALUES('775', 'Digital photography', 'U2')
INSERT INTO DDC VALUES('776', 'Computer art (Digital art)', 'U2')
INSERT INTO DDC VALUES('778', 'Fields & kinds of photography', 'U2')
INSERT INTO DDC VALUES('779', 'Photographs', 'U2')
INSERT INTO DDC VALUES('780', 'Music', 'U2')
INSERT INTO DDC VALUES('781', 'General principles & musical forms', 'U2')
INSERT INTO DDC VALUES('782', 'Vocal music', 'U3')
INSERT INTO DDC VALUES('783', 'Music for single voices; the voice', 'U3')
INSERT INTO DDC VALUES('784', 'Instruments & instrumental ensembles', 'U4')
INSERT INTO DDC VALUES('785', 'Ensembles with one instrument per part', 'U4')
INSERT INTO DDC VALUES('786', 'Keyboard & other instruments', 'U4')
INSERT INTO DDC VALUES('787', 'Stringed instruments', 'U4')
INSERT INTO DDC VALUES('788', 'Wind instruments', 'U4')
INSERT INTO DDC VALUES('789', '(Optional number)', 'U4')
INSERT INTO DDC VALUES('790', 'Recreational & performing arts', 'U5')
INSERT INTO DDC VALUES('791', 'Public performances', 'U5')
INSERT INTO DDC VALUES('792', 'Stage presentations', 'U5')
INSERT INTO DDC VALUES('793', 'Indoor games & amusements', 'U6')
INSERT INTO DDC VALUES('794', 'Indoor games of skill', 'U6')
INSERT INTO DDC VALUES('795', 'Games of chance', 'U6')
INSERT INTO DDC VALUES('796', 'Athletic & outdoor sports & games', 'U6')
INSERT INTO DDC VALUES('797', 'Aquatic & air sports', 'U6')
INSERT INTO DDC VALUES('798', 'Equestrian sports & animal racing', 'U6')
INSERT INTO DDC VALUES('799', 'Fishing, hunting & shooting', 'U7')
INSERT INTO DDC VALUES('800', 'Literature & rhetoric', 'U7')
INSERT INTO DDC VALUES('801', 'Philosophy & theory', 'U7')
INSERT INTO DDC VALUES('802', 'Miscellany', 'U8')
INSERT INTO DDC VALUES('803', 'Dictionaries & encyclopedias', 'U8')
INSERT INTO DDC VALUES('805', 'Serial publications', 'U8')
INSERT INTO DDC VALUES('806', 'Organizations & management', 'U9')
INSERT INTO DDC VALUES('807', 'Education, research & related topics', 'U9')
INSERT INTO DDC VALUES('808', 'Rhetoric & collections of literature', 'U9')
INSERT INTO DDC VALUES('809', 'History, description & criticism', 'U9')
INSERT INTO DDC VALUES('810', 'American literature in English', 'V1')
INSERT INTO DDC VALUES('811', 'American poetry in English', 'V1')
INSERT INTO DDC VALUES('812', 'American drama in English', 'V1')
INSERT INTO DDC VALUES('813', 'American fiction in English', 'V1')
INSERT INTO DDC VALUES('814', 'American essays in English', 'V2')
INSERT INTO DDC VALUES('815', 'American speeches in English', 'V2')
INSERT INTO DDC VALUES('816', 'American letters in English', 'V2')
INSERT INTO DDC VALUES('817', 'American humor & satire in English', 'V2')
INSERT INTO DDC VALUES('818', 'American miscellaneous writings', 'V3')
INSERT INTO DDC VALUES('819', '(Optional number)', 'V3')
INSERT INTO DDC VALUES('820', 'English & Old English literatures', 'V4')
INSERT INTO DDC VALUES('821', 'English poetry', 'V4')
INSERT INTO DDC VALUES('822', 'English drama', 'V4')
INSERT INTO DDC VALUES('823', 'English fiction', 'V5')
INSERT INTO DDC VALUES('824', 'English essays', 'V5')
INSERT INTO DDC VALUES('825', 'English speeches', 'V5')
INSERT INTO DDC VALUES('826', 'English letters', 'V5')
INSERT INTO DDC VALUES('827', 'English humor & satire', 'V5')
INSERT INTO DDC VALUES('828', 'English miscellaneous writings', 'V6')
INSERT INTO DDC VALUES('829', 'Old English (Anglo-Saxon)', 'V6')
INSERT INTO DDC VALUES('830', 'Literatures of Germanic languages', 'V6')
INSERT INTO DDC VALUES('831', 'German poetry', 'V6')
INSERT INTO DDC VALUES('832', 'German drama', 'V6')
INSERT INTO DDC VALUES('833', 'German fiction', 'V7')
INSERT INTO DDC VALUES('834', 'German essays', 'V7')
INSERT INTO DDC VALUES('835', 'German speeches', 'V9')
INSERT INTO DDC VALUES('836', 'German letters', 'V9')
INSERT INTO DDC VALUES('837', 'German humor & satire', 'V9')
INSERT INTO DDC VALUES('838', 'German miscellaneous writings', 'V9')
INSERT INTO DDC VALUES('839', 'Other Germanic literatures', 'V9')
INSERT INTO DDC VALUES('840', 'Literatures of Romance languages', 'W1')
INSERT INTO DDC VALUES('841', 'French poetry', 'W2')
INSERT INTO DDC VALUES('842', 'French drama', 'W2')
INSERT INTO DDC VALUES('843', 'French fiction', 'W2')
INSERT INTO DDC VALUES('844', 'French essays', 'W2')
INSERT INTO DDC VALUES('845', 'French speeches', 'W3')
INSERT INTO DDC VALUES('846', 'French letters', 'W3')
INSERT INTO DDC VALUES('847', 'French humor & satire', 'W3')
INSERT INTO DDC VALUES('848', 'French miscellaneous writings', 'W3')
INSERT INTO DDC VALUES('849', 'Occitan & Catalan literatures', 'W3')
INSERT INTO DDC VALUES('850', 'Italian, Romanian & related literatures', 'W3')
INSERT INTO DDC VALUES('851', 'Italian poetry', 'W4')
INSERT INTO DDC VALUES('852', 'Italian drama', 'W4')
INSERT INTO DDC VALUES('853', 'Italian fiction', 'W4')
INSERT INTO DDC VALUES('854', 'Italian essays', 'W5')
INSERT INTO DDC VALUES('855', 'Italian speeches', 'W5')
INSERT INTO DDC VALUES('856', 'Italian letters', 'W5')
INSERT INTO DDC VALUES('857', 'Italian humor & satire', 'W5')
INSERT INTO DDC VALUES('858', 'Italian miscellaneous writings', 'W5')
INSERT INTO DDC VALUES('859', 'Romanian & related literatures', 'W5')
INSERT INTO DDC VALUES('860', 'Spanish & Portuguese literatures', 'W5')
INSERT INTO DDC VALUES('861', 'Spanish poetry', 'W5')
INSERT INTO DDC VALUES('862', 'Spanish drama', 'W6')
INSERT INTO DDC VALUES('863', 'Spanish fiction', 'W6')
INSERT INTO DDC VALUES('864', 'Spanish essays', 'W6')
INSERT INTO DDC VALUES('865', 'Spanish speeches', 'W7')
INSERT INTO DDC VALUES('866', 'Spanish letters', 'W7')
INSERT INTO DDC VALUES('867', 'Spanish humor & satire', 'W7')
INSERT INTO DDC VALUES('868', 'Spanish miscellaneous writings', 'W7')
INSERT INTO DDC VALUES('869', 'Portuguese literature', 'W7')
INSERT INTO DDC VALUES('870', 'Italic literatures; Latin literature', 'W7')
INSERT INTO DDC VALUES('871', 'Latin poetry', 'W7')
INSERT INTO DDC VALUES('872', 'Latin dramatic poetry & drama', 'W8')
INSERT INTO DDC VALUES('873', 'Latin epic poetry & fiction', 'W8')
INSERT INTO DDC VALUES('874', 'Latin lyric poetry', 'W9')
INSERT INTO DDC VALUES('875', 'Latin speeches', 'W9')
INSERT INTO DDC VALUES('876', 'Latin letters', 'W9')
INSERT INTO DDC VALUES('877', 'Latin humor & satire', 'W9')
INSERT INTO DDC VALUES('878', 'Latin miscellaneous writings', 'W9')
INSERT INTO DDC VALUES('879', 'Literatures of other Italic languages', 'W9')
INSERT INTO DDC VALUES('880', 'Hellenic literatures; classical Greek', 'X1')
INSERT INTO DDC VALUES('881', 'Classical Greek poetry', 'X1')
INSERT INTO DDC VALUES('882', 'Classical Greek dramatic poetry & drama', 'X1')
INSERT INTO DDC VALUES('883', 'Classical Greek epic poetry & fiction', 'X1')
INSERT INTO DDC VALUES('884', 'Classical Greek lyric poetry', 'X1')
INSERT INTO DDC VALUES('885', 'Classical Greek speeches', 'X1')
INSERT INTO DDC VALUES('886', 'Classical Greek letters', 'X2')
INSERT INTO DDC VALUES('887', 'Classical Greek humor & satire', 'X2')
INSERT INTO DDC VALUES('888', 'Classical Greek miscellaneous writings', 'X2')
INSERT INTO DDC VALUES('889', 'Modern Greek literature', 'X3')
INSERT INTO DDC VALUES('890', 'Literatures of other languages', 'X3')
INSERT INTO DDC VALUES('891', 'East Indo-European & Celtic literatures', 'X3')
INSERT INTO DDC VALUES('892', 'Afro-Asiatic literatures; Semitic literatures', 'X4')
INSERT INTO DDC VALUES('893', 'Non-Semitic Afro-Asiatic literatures', 'X5')
INSERT INTO DDC VALUES('894', 'Altaic, Uralic, Hyperborean & Dravidian', 'X5')
INSERT INTO DDC VALUES('895', 'Literatures of East & Southeast Asia', 'X5')
INSERT INTO DDC VALUES('896', 'African literatures', 'X5')
INSERT INTO DDC VALUES('897', 'North American native literatures', 'X5')
INSERT INTO DDC VALUES('898', 'South American native literatures', 'X5')
INSERT INTO DDC VALUES('899', 'Austronesian & other literatures', 'X5')
INSERT INTO DDC VALUES('900', 'History & geography', 'X5')
INSERT INTO DDC VALUES('901', 'Philosophy & theory', 'X5')
INSERT INTO DDC VALUES('902', 'Miscellany', 'X5')
INSERT INTO DDC VALUES('903', 'Dictionaries & encyclopedias', 'X6')
INSERT INTO DDC VALUES('904', 'Collected accounts of events', 'X6')
INSERT INTO DDC VALUES('905', 'Serial publications', 'X7')
INSERT INTO DDC VALUES('906', 'Organizations & management', 'X7')
INSERT INTO DDC VALUES('907', 'Education, research & related topics', 'X7')
INSERT INTO DDC VALUES('908', 'Kinds of persons treatment', 'X7')
INSERT INTO DDC VALUES('909', 'World history', 'X7')
INSERT INTO DDC VALUES('910', 'Geography & travel', 'X8')
INSERT INTO DDC VALUES('911', 'Historical geography', 'X8')
INSERT INTO DDC VALUES('912', 'Atlases, maps, charts & plans', 'X8')
INSERT INTO DDC VALUES('913', 'Geography of & travel in ancient world', 'X9')
INSERT INTO DDC VALUES('914', 'Geography of & travel in Europe', 'X9')
INSERT INTO DDC VALUES('915', 'Geography of & travel in Asia', 'X9')
INSERT INTO DDC VALUES('916', 'Geography of & travel in Africa', 'X9')
INSERT INTO DDC VALUES('917', 'Geography of & travel in North America', 'X9')
INSERT INTO DDC VALUES('918', 'Geography of & travel in South America', 'X9')
INSERT INTO DDC VALUES('919', 'Geography of & travel in other areas', 'X9')
INSERT INTO DDC VALUES('920', 'Biography, genealogy & insignia', 'Y1')
INSERT INTO DDC VALUES('921', '(Optional number)', 'Y1')
INSERT INTO DDC VALUES('922', '(Optional number)', 'Y1')
INSERT INTO DDC VALUES('923', '(Optional number)', 'Y1')
INSERT INTO DDC VALUES('924', '(Optional number)', 'Y1')
INSERT INTO DDC VALUES('925', '(Optional number)', 'Y1')
INSERT INTO DDC VALUES('926', '(Optional number)', 'Y1')
INSERT INTO DDC VALUES('927', '(Optional number)', 'Y2')
INSERT INTO DDC VALUES('928', '(Optional number)', 'Y3')
INSERT INTO DDC VALUES('929', 'Genealogy, names & insignia', 'Y3')
INSERT INTO DDC VALUES('930', 'History of ancient world to ca. 499', 'Y3')
INSERT INTO DDC VALUES('931', 'China to 420', 'Y4')
INSERT INTO DDC VALUES('932', 'Egypt to 640', 'Y4')
INSERT INTO DDC VALUES('933', 'Palestine to 70', 'Y4')
INSERT INTO DDC VALUES('934', 'India to 647', 'Y4')
INSERT INTO DDC VALUES('935', 'Mesopotamia & Iranian Plateau to 637', 'Y4')
INSERT INTO DDC VALUES('936', 'Europe north & west of Italy to ca. 499', 'Y4')
INSERT INTO DDC VALUES('937', 'Italy & adjacent territories to 476', 'Y4')
INSERT INTO DDC VALUES('938', 'Greece to 323', 'Y4')
INSERT INTO DDC VALUES('939', 'Other parts of ancient world to ca. 640', 'Y5')
INSERT INTO DDC VALUES('940', 'History of Europe', 'Y5')
INSERT INTO DDC VALUES('941', 'British Isles', 'Y6')
INSERT INTO DDC VALUES('942', 'England & Wales', 'Y6')
INSERT INTO DDC VALUES('943', 'Central Europe; Germany', 'Y6')
INSERT INTO DDC VALUES('944', 'France & Monaco', 'Y7')
INSERT INTO DDC VALUES('945', 'Italian Peninsula & adjacent islands', 'Y7')
INSERT INTO DDC VALUES('946', 'Iberian Peninsula & adjacent islands', 'Y7')
INSERT INTO DDC VALUES('947', 'Eastern Europe; Russia', 'Y7')
INSERT INTO DDC VALUES('948', 'Scandinavia', 'Y7')
INSERT INTO DDC VALUES('949', 'Other parts of Europe', 'Y8')
INSERT INTO DDC VALUES('950', 'History of Asia; Far East', 'Y8')
INSERT INTO DDC VALUES('951', 'China & adjacent areas', 'Y8')
INSERT INTO DDC VALUES('952', 'Japan', 'Y9')
INSERT INTO DDC VALUES('953', 'Arabian Peninsula & adjacent areas', 'Y9')
INSERT INTO DDC VALUES('954', 'South Asia; India', 'Y9')
INSERT INTO DDC VALUES('955', 'Iran', 'Y9')
INSERT INTO DDC VALUES('956', 'Middle East (Near East)', 'Y9')
INSERT INTO DDC VALUES('957', 'Siberia (Asiatic Russia)', 'Y9')
INSERT INTO DDC VALUES('958', 'Central Asia', 'Y9')
INSERT INTO DDC VALUES('959', 'Southeast Asia', 'Y9')
INSERT INTO DDC VALUES('960', 'History of Africa', 'Z1')
INSERT INTO DDC VALUES('961', 'Tunisia & Libya', 'Z1')
INSERT INTO DDC VALUES('962', 'Egypt & Sudan', 'Z2')
INSERT INTO DDC VALUES('963', 'Ethiopia & Eritrea', 'Z2')
INSERT INTO DDC VALUES('964', 'Northwest African coast & offshore islands', 'Z2')
INSERT INTO DDC VALUES('965', 'Algeria', 'Z2')
INSERT INTO DDC VALUES('966', 'West Africa & offshore islands', 'Z2')
INSERT INTO DDC VALUES('967', 'Central Africa & offshore islands', 'Z3')
INSERT INTO DDC VALUES('968', 'Southern Africa; Republic of South Africa', 'Z3')
INSERT INTO DDC VALUES('969', 'South Indian Ocean islands', 'Z3')
INSERT INTO DDC VALUES('970', 'History of North America', 'Z4')
INSERT INTO DDC VALUES('971', 'Canada', 'Z4')
INSERT INTO DDC VALUES('972', 'Middle America; Mexico', 'Z4')
INSERT INTO DDC VALUES('973', 'United States', 'Z4')
INSERT INTO DDC VALUES('974', 'Northeastern United States', 'Z4')
INSERT INTO DDC VALUES('975', 'Southeastern United States', 'Z5')
INSERT INTO DDC VALUES('976', 'South central United States', 'Z5')
INSERT INTO DDC VALUES('977', 'North central United States', 'Z5')
INSERT INTO DDC VALUES('978', 'Western United States', 'Z6')
INSERT INTO DDC VALUES('979', 'Great Basin & Pacific Slope region', 'Z6')
INSERT INTO DDC VALUES('980', 'History of South America', 'Z6')
INSERT INTO DDC VALUES('981', 'Brazil', 'Z6')
INSERT INTO DDC VALUES('982', 'Argentina', 'Z6')
INSERT INTO DDC VALUES('983', 'Chile', 'Z6')
INSERT INTO DDC VALUES('984', 'Bolivia', 'Z6')
INSERT INTO DDC VALUES('985', 'Peru', 'Z6')
INSERT INTO DDC VALUES('986', 'Colombia & Ecuador', 'Z7')
INSERT INTO DDC VALUES('987', 'Venezuela', 'Z7')
INSERT INTO DDC VALUES('988', 'Guiana', 'Z7')
INSERT INTO DDC VALUES('989', 'Paraguay & Uruguay', 'Z7')
INSERT INTO DDC VALUES('990', 'History of other areas', 'Z7')
INSERT INTO DDC VALUES('993', 'New Zealand', 'Z8')
INSERT INTO DDC VALUES('994', 'Australia', 'Z8')
INSERT INTO DDC VALUES('995', 'Melanesia; New Guinea', 'Z8')
INSERT INTO DDC VALUES('996', 'Other parts of Pacific; Polynesia', 'Z8')
INSERT INTO DDC VALUES('997', 'Atlantic Ocean islands', 'Z8')
INSERT INTO DDC VALUES('998', 'Arctic islands & Antarctica', 'Z8')
INSERT INTO DDC VALUES('999', 'Extraterrestrial worlds', 'Z9')


CREATE TABLE BOOK
(
	BOOK_ID VARCHAR(10) PRIMARY KEY, 
	TITLE VARCHAR(255),
	DDC_ID VARCHAR(10) REFERENCES DDC(DDC_ID),
	PUBLISHER_ID VARCHAR(10) REFERENCES PUBLISHER(PUBLISHER_ID),
	PUBLISHED_YEAR DATE,
	PAGES INT,
	SIZE INT,
	PRICE FLOAT
	)

INSERT INTO BOOK VALUES('BB7245', 'Teaching foreign language skills', '407', 'HA178', '1968', '403', '22', '23.8')
INSERT INTO BOOK VALUES('IE5069', 'Accounting and finance', '657', 'GD264', '1976', '328', '21', '22.8')
INSERT INTO BOOK VALUES('CG2461', 'International financial markets: Prices and policies', '332', 'CB119', '1998', '663', '25', '29.3')
INSERT INTO BOOK VALUES('EE6023', 'Computing essentials 2000 - 2001', '400', 'DI458', '2000', '224', '28', '18.2')
INSERT INTO BOOK VALUES('AG2005', 'Concepts of fitness and wellness: A comprehensive lyfestyle approach', '613', 'DI458', '2000', '482', '28', '14.5')
INSERT INTO BOOK VALUES('BF6052', 'The diary of a country parson, 1758-1802', '942', 'DI458', '1979', '622', '20', '21.4')
INSERT INTO BOOK VALUES('GD4807', 'The Penguin book of Irish folktales', '398', 'CI934', '1993', '356', '19', '26.0')
INSERT INTO BOOK VALUES('GD9487', 'Catalina: A romance', '492', 'CI934', '1958', '253', '19', '19.9')
INSERT INTO BOOK VALUES('DH7962', 'How to play soccer', '796', 'DD162', '1988', '127', '20', '18.5')
INSERT INTO BOOK VALUES('IE7859', 'Rambles beyond railways', '797', 'BI426', '1982', '195', '20', '17.1')
INSERT INTO BOOK VALUES('EG6265', 'Secraterys handbook', '651', 'BI426', '1988', '197', '20', '29.7')
INSERT INTO BOOK VALUES('CD5290', 'Mr Nice: An Autobiography', '364', 'GI291', '1998', '466', '20', '22.5')
INSERT INTO BOOK VALUES('AG1102', 'Garbage in the cities: Refuse, reform, and the environment', '363', 'AI405', '2005', '303', '23', '35.6')
INSERT INTO BOOK VALUES('GE9413', 'The English: A social history 1066-1945', '942', 'EC388', '1987', '785', '20', '56.1')
INSERT INTO BOOK VALUES('IB8308', 'Brief encounter', '791', 'EC388', '1993', '720', '20', '44.7')
INSERT INTO BOOK VALUES('IE1724', 'Hard time. A tale of two cities. Great expectations', '823', 'CA939', '1994', '829', '20', '89.4')
INSERT INTO BOOK VALUES('FA1643', 'The merchant of venice: Model essays', '822', 'HH490', '1992', '712', '20', '94.5')
INSERT INTO BOOK VALUES('IH8572', 'See you Thursday', '500', 'CB582', '1981', '172', '20', '22.9')
INSERT INTO BOOK VALUES('EA6769', 'The Overseas student question: Studies for a policy', '371', 'BG567', '1981', '371', '21', '75.0')
INSERT INTO BOOK VALUES('IC1759', 'Practical information: Comprehension and composition: Practice', '428', 'GE278', '1979', '64', '24', '98.0')
INSERT INTO BOOK VALUES('EA1489', 'Yet being someone other', '910', 'FB633', '1982', '352', '23', '75.4')
INSERT INTO BOOK VALUES('HI6821', 'Whom god hath joined', '250', 'GH194', '1951', '208', '20', '56.5')
INSERT INTO BOOK VALUES('AG4978', 'The Lion of Wall Street: The two lives of Jack Dreyfus Author of a remarkable medicine has been over looked', '332', 'GH194', '1996', '328', '23', '16.3')
INSERT INTO BOOK VALUES('GG9262', 'Call the wild: And related readings', '813', 'GH194', '2000', '113', '23', '49.2')
INSERT INTO BOOK VALUES('EE8787', 'Teaching to change the world/', '324', 'GH194', '1999', '399', '23', '70.2')
INSERT INTO BOOK VALUES('AF5732', 'Review of early childhood policy and programs in sub - Saharan Africa', '362', 'FH838', '1997', '80', '27', '26.9')
INSERT INTO BOOK VALUES('BF1978', 'Wild Decembers: A novel', '823', 'IC519', '1999', '257', '23', '30.9')
INSERT INTO BOOK VALUES('AG9174', 'The economic life of refugees', '330', 'CG206', '2005', '131', '23', '22.7')
INSERT INTO BOOK VALUES('EI8430', 'Licence renewed', '240', 'CG206', '1981', '270', '20', '48.6')
INSERT INTO BOOK VALUES('CC6197', 'The political economy of inequality', '352', 'CH674', '2000', '403', '23', '74.7')
INSERT INTO BOOK VALUES('CD7165', 'The contemporary animator', '778', 'GI638', '1990', '128', '25', '3.99')
INSERT INTO BOOK VALUES('BB5794', 'Oil painting: Pure and Simple', '751', 'FB389', '1986', '128', '23', '4.0')
INSERT INTO BOOK VALUES('GH5181', 'An introduction to the philosophy of language', '401', 'GC467', '1979', '303', '22', '12.02')
INSERT INTO BOOK VALUES('DA2309', 'Big red book', '827', 'GC467', '1971', '60', '27', '9.05')
INSERT INTO BOOK VALUES('ED5081', 'Environmental pollution', '363', 'AA291', '1991', '48', '25', '3.24')
INSERT INTO BOOK VALUES('DD8926', 'Breathing the planet', '570', 'AE836', '1986', '336', '23', '35.12')
INSERT INTO BOOK VALUES('HH3765', 'Creative living', '302', 'CG388', '1992', '182', '22', '15.05')
INSERT INTO BOOK VALUES('HE9027', 'Floodshock: The drowning of plannet earth', '551', 'DD606', '1986', '176', '24', '10.09')
INSERT INTO BOOK VALUES('CG2777', 'The singing game', '398', 'BB328', '1985', '521', '24', '52.1')
INSERT INTO BOOK VALUES('EC1369', 'Cooking and catering the wholefood way', '641', 'GB611', '1970', '140', '21', '13.0')
INSERT INTO BOOK VALUES('II7926', 'Why you dont need meat', '613', 'CA840', '1986', '237', '20', '23.21')
INSERT INTO BOOK VALUES('CC9115', 'Amazon the flooded forest', '570', 'CA840', '1989', '208', '23', '19.45')
INSERT INTO BOOK VALUES('GE5141', 'Forest and Savanna', '575', 'CA840', '1979', '154', '20', '17.65')
INSERT INTO BOOK VALUES('GE2437', 'The French revolution', '944', 'HB154', '1980', '399', '20', '28.46')
INSERT INTO BOOK VALUES('CD5513', 'Paper airplanes', '823', 'IH254', '2014', '254', '22', '20.21')
INSERT INTO BOOK VALUES('HH4323', 'Friendship across cultures', '302', 'DC109', '1986', '144', '19', '13.45')
INSERT INTO BOOK VALUES('CA5426', 'Memories with food at Gypsy house', '641', 'EE698', '1991', '239', '24', '16.6')
INSERT INTO BOOK VALUES('DH3944', 'The great war and modern memory', '820', 'HH436', '1975', '363', '23', '29.12')
INSERT INTO BOOK VALUES('EC2302', 'Atlas of American history', '973', 'HH436', '1993', '63', '26', '5.04')
INSERT INTO BOOK VALUES('IG5232', 'The first Vietnam war', '959', 'BH639', '1985', '392', '23', '23.45')
INSERT INTO BOOK VALUES('GA2256', 'The wealth of nations', '330', 'CD940', '1991', '620', '21', '60.9')
INSERT INTO BOOK VALUES('GA3048', 'The Asian face: A styling guide', '646', 'DC147', '1986', '120', '26', '19.9')
INSERT INTO BOOK VALUES('HB9973', 'Always a sister: The feminism of Lillian D, Wald', '350', 'FC465', '1989', '207', '23', '24.54')
INSERT INTO BOOK VALUES('HH5514', 'Realism', '801', 'EA728', '1982', '86', '19', '3.5')
INSERT INTO BOOK VALUES('EA1463', 'International logistics and transportation', '388', 'IC235', '1999', '215', '26', '12.6')
INSERT INTO BOOK VALUES('EI3500', 'The boats they sailed in', '797', 'AC266', '1985', '364', '24', '28.8')
INSERT INTO BOOK VALUES('CF7994', 'Management of behaviour in school', '371', 'IF486', '1993', '236', '21', '18.0')
INSERT INTO BOOK VALUES('GC7862', 'Shakespeare', '822', 'HE841', '1969', '120', '18', '8.9')
INSERT INTO BOOK VALUES('IH7722', 'Hurricane force: The story of the storm of October 1987', '904', 'CE237', '1988', '224', '22', '15.5')


CREATE TABLE COPIES
(
	COPIES_ID VARCHAR(10) PRIMARY KEY,
	BOOK_ID VARCHAR(10) REFERENCES BOOK(BOOK_ID),
	RENT_STAT VARCHAR(20),
	BOOK_STAT VARCHAR(255),
	ADDED_DATE DATETIME
)
INSERT INTO COPIES VALUES('AL4505', 'BB7245', 'Available', 'Fine', '2010-02-02')
INSERT INTO COPIES VALUES('AL7152', 'BB7245', 'Available', 'Fine', '2013-05-18')
INSERT INTO COPIES VALUES('AL7135', 'BB7245', 'Available', 'Fine', '2014-08-13')
INSERT INTO COPIES VALUES('AL7040', 'BB7245', 'Available', 'Water damaged', '2016-12-16')
INSERT INTO COPIES VALUES('AL7234', 'BB7245', 'Available', 'Fine', '2016-12-14')
INSERT INTO COPIES VALUES('AL138', 'IE5069', 'Available', 'Torn page(s)', '2017-02-14')
INSERT INTO COPIES VALUES('AL139', 'IE5069', 'Available', 'Fine', '2011-12-13')
INSERT INTO COPIES VALUES('AL140', 'IE5069', 'Available', 'Fine', '2012-10-27')
INSERT INTO COPIES VALUES('AL141', 'IE5069', 'Available', 'Ink stained', '2016-11-04')
INSERT INTO COPIES VALUES('AL11876', 'CG2461', 'Available', 'Fine', '2013-12-16')
INSERT INTO COPIES VALUES('AL11877', 'CG2461', 'Available', 'Fine', '2010-04-12')
INSERT INTO COPIES VALUES('Al11878', 'CG2461', 'Available', 'Fine', '2014-08-24')
INSERT INTO COPIES VALUES('AL11879', 'CG2461', 'Available', 'Fine', '2012-03-04')
INSERT INTO COPIES VALUES('AL11785', 'EE6023', 'Available', 'Fine', '2017-05-22')
INSERT INTO COPIES VALUES('AL11786', 'EE6023', 'Available', 'Torn page(s)', '2012-07-10')
INSERT INTO COPIES VALUES('AL11787', 'EE6023', 'Available', 'Fine', '2016-12-16')
INSERT INTO COPIES VALUES('AL11942', 'AG2005', 'Available', 'Fine', '2016-09-10')
INSERT INTO COPIES VALUES('AL11943', 'AG2005', 'Available', 'Fine', '2011-11-03')
INSERT INTO COPIES VALUES('AL11954', 'AG2005', 'Available', 'Fine', '2011-07-16')
INSERT INTO COPIES VALUES('AV1289', 'BF6052', 'Available', 'Fine', '2014-02-23')
INSERT INTO COPIES VALUES('AV1278', 'BF6052', 'Available', 'Fine', '2013-11-21')
INSERT INTO COPIES VALUES('AV1298', 'BF6052', 'Available', 'Fine', '2016-01-24')
INSERT INTO COPIES VALUES('AV1234', 'BF6052', 'Available', 'Fine', '2010-12-24')
INSERT INTO COPIES VALUES('AV1209', 'BF6052', 'Available', 'Fine', '2015-06-15')
INSERT INTO COPIES VALUES('AV1323', 'GD4807', 'Available', 'Torn page(s)', '2010-02-10')
INSERT INTO COPIES VALUES('AV1332', 'GD4807', 'Available', 'Torn page(s)', '2015-01-04')
INSERT INTO COPIES VALUES('AV1324', 'GD4807', 'Available', 'Fine', '2015-01-06')
INSERT INTO COPIES VALUES('AV1325', 'GD4807', 'Available', 'Fine', '2016-04-25')
INSERT INTO COPIES VALUES('AV1365', 'GD4807', 'Available', 'Fine', '2011-12-12')
INSERT INTO COPIES VALUES('AV1322', 'GD4807', 'Available', 'Ink stained', '2016-02-24')
INSERT INTO COPIES VALUES('AV205', 'GD9487', 'Available', 'Fine', '2010-06-25')
INSERT INTO COPIES VALUES('AV209', 'GD9487', 'Available', 'Fine', '2011-10-08')
INSERT INTO COPIES VALUES('AV280', 'GD9487', 'Available', 'Ink stained', '2017-08-01')
INSERT INTO COPIES VALUES('AV281', 'GD9487', 'Available', 'Torn page(s)', '2012-05-31')
INSERT INTO COPIES VALUES('AV112', 'DH7962', 'Available', 'Fine', '2010-02-16')
INSERT INTO COPIES VALUES('AV113', 'DH7962', 'Available', 'Fine', '2014-02-03')
INSERT INTO COPIES VALUES('AV114', 'DH7962', 'Available', 'Fine', '2012-07-13')
INSERT INTO COPIES VALUES('AV115', 'DH7962', 'Available', 'Fine', '2010-02-12')
INSERT INTO COPIES VALUES('AV119', 'IE7859', 'Available', 'Fine', '2011-08-09')
INSERT INTO COPIES VALUES('AV120', 'IE7859', 'Available', 'Fine', '2017-09-03')
INSERT INTO COPIES VALUES('AV121', 'IE7859', 'Available', 'Torn page(s)', '2016-05-06')
INSERT INTO COPIES VALUES('AV122', 'IE7859', 'Available', 'Torn page(s)', '2017-10-29')
INSERT INTO COPIES VALUES('AV123', 'IE7859', 'Available', 'Fine', '2010-01-16')
INSERT INTO COPIES VALUES('AV124', 'IE7859', 'Available', 'Fine', '2015-02-02')
INSERT INTO COPIES VALUES('AV512', 'EG6265', 'Available', 'Fine', '2015-04-05')
INSERT INTO COPIES VALUES('AV513', 'EG6265', 'Available', 'Fine', '2017-05-26')
INSERT INTO COPIES VALUES('AV514', 'EG6265', 'Available', 'Torn page(s)', '2015-08-10')
INSERT INTO COPIES VALUES('AV515', 'EG6265', 'Available', 'Fine', '2013-02-07')
INSERT INTO COPIES VALUES('AV1346', 'CD5290', 'Available', 'Fine', '2016-11-25')
INSERT INTO COPIES VALUES('AV1347', 'CD5290', 'Available', 'Fine', '2015-02-16')
INSERT INTO COPIES VALUES('AV1345', 'CD5290', 'Available', 'Fine', '2015-12-26')
INSERT INTO COPIES VALUES('AV1348', 'CD5290', 'Available', 'Ink stained', '2017-03-08')
INSERT INTO COPIES VALUES('AV1349', 'CD5290', 'Available', 'Torn page(s)', '2011-11-23')
INSERT INTO COPIES VALUES('AV1350', 'CD5290', 'Available', 'Fine', '2013-03-04')
INSERT INTO COPIES VALUES('AL18236', 'AG1102', 'Available', 'Fine', '2010-04-27')
INSERT INTO COPIES VALUES('AL18237', 'AG1102', 'Available', 'Fine', '2011-03-27')
INSERT INTO COPIES VALUES('AV1216', 'GE9413', 'Available', 'Fine', '2015-12-03')
INSERT INTO COPIES VALUES('AV1217', 'GE9413', 'Available', 'Ink stained', '2017-05-05')
INSERT INTO COPIES VALUES('AV1218', 'GE9413', 'Available', 'Fine', '2017-08-19')
INSERT INTO COPIES VALUES('AV1249', 'IB8308', 'Available', 'Fine', '2013-02-13')
INSERT INTO COPIES VALUES('AV1250', 'IB8308', 'Available', 'Fine', '2016-01-03')
INSERT INTO COPIES VALUES('AV1251', 'IB8308', 'Available', 'Ink stained', '2012-02-13')
INSERT INTO COPIES VALUES('AV456', 'IE1724', 'Available', 'Fine', '2010-12-14')
INSERT INTO COPIES VALUES('AV457', 'IE1724', 'Available', 'Fine', '2014-03-21')
INSERT INTO COPIES VALUES('AV169', 'FA1643', 'Available', 'Torn page(s)', '2016-01-05')
INSERT INTO COPIES VALUES('AV170', 'FA1643', 'Available', 'Fine', '2012-03-06')
INSERT INTO COPIES VALUES('AV171', 'FA1643', 'Available', 'Fine', '2013-01-07')
INSERT INTO COPIES VALUES('AV695', 'IH8572', 'Available', 'Fine', '2014-09-21')
INSERT INTO COPIES VALUES('AV696', 'IH8572', 'Available', 'Fine', '2014-08-01')
INSERT INTO COPIES VALUES('AV697', 'IH8572', 'Available', 'Ink stained', '2012-12-04')
INSERT INTO COPIES VALUES('AL1149', 'EA6769', 'Available', 'Fine', '2015-07-13')
INSERT INTO COPIES VALUES('AL1150', 'EA6769', 'Available', 'Fine', '2015-06-10')
INSERT INTO COPIES VALUES('AL1151', 'EA6769', 'Available', 'Fine', '2013-01-23')
INSERT INTO COPIES VALUES('AL1152', 'EA6769', 'Available', 'Fine', '2017-09-28')
INSERT INTO COPIES VALUES('AL1231', 'IC1759', 'Available', 'Fine', '2012-08-27')
INSERT INTO COPIES VALUES('AL1232', 'IC1759', 'Available', 'Fine', '2014-04-26')
INSERT INTO COPIES VALUES('AL5272', 'EA1489', 'Available', 'Fine', '2010-09-01')
INSERT INTO COPIES VALUES('AL5273', 'EA1489', 'Available', 'Fine', '2012-01-23')
INSERT INTO COPIES VALUES('AL5274', 'EA1489', 'Available', 'Fine', '2015-10-07')
INSERT INTO COPIES VALUES('AV381', 'HI6821', 'Available', 'Torn page(s)', '2015-10-23')
INSERT INTO COPIES VALUES('AV382', 'HI6821', 'Available', 'Fine', '2015-06-08')
INSERT INTO COPIES VALUES('AL7663', 'AG4978', 'Available', 'Fine', '2013-03-21')
INSERT INTO COPIES VALUES('AL7664', 'AG4978', 'Available', 'Fine', '2015-09-25')
INSERT INTO COPIES VALUES('AL7665', 'AG4978', 'Available', 'Fine', '2012-06-14')
INSERT INTO COPIES VALUES('AL7666', 'AG4978', 'Available', 'Fine', '2010-04-08')
INSERT INTO COPIES VALUES('AL14717', 'GG9262', 'Available', 'Fine', '2016-06-17')
INSERT INTO COPIES VALUES('AL14718', 'GG9262', 'Available', 'Fine', '2010-01-07')
INSERT INTO COPIES VALUES('AL14723', 'EE8787', 'Available', 'Ink stained', '2017-02-25')
INSERT INTO COPIES VALUES('AL14724', 'EE8787', 'Available', 'Fine', '2017-10-16')
INSERT INTO COPIES VALUES('AL14811', 'AF5732', 'Available', 'Torn page(s)', '2010-09-11')
INSERT INTO COPIES VALUES('AL14812', 'AF5732', 'Available', 'Fine', '2016-02-29')
INSERT INTO COPIES VALUES('AL14813', 'AF5732', 'Available', 'Fine', '2017-01-11')
INSERT INTO COPIES VALUES('AL14814', 'AF5732', 'Available', 'Water damaged', '2016-05-17')
INSERT INTO COPIES VALUES('AL14858', 'BF1978', 'Available', 'Fine', '2012-09-18')
INSERT INTO COPIES VALUES('AL14859', 'BF1978', 'Available', 'Fine', '2015-03-26')
INSERT INTO COPIES VALUES('AL17326', 'AG9174', 'Available', 'Fine', '2013-10-28')
INSERT INTO COPIES VALUES('AL17327', 'AG9174', 'Available', 'Fine', '2012-05-07')
INSERT INTO COPIES VALUES('AL17328', 'AG9174', 'Available', 'Torn page(s)', '2011-07-28')
INSERT INTO COPIES VALUES('AV585', 'EI8430', 'Available', 'Torn page(s)', '2010-04-21')
INSERT INTO COPIES VALUES('AV586', 'EI8430', 'Available', 'Fine', '2010-08-21')
INSERT INTO COPIES VALUES('AL13764', 'CC6197', 'Available', 'Fine', '2014-08-28')
INSERT INTO COPIES VALUES('AL13765', 'CC6197', 'Available', 'Fine', '2013-03-18')
INSERT INTO COPIES VALUES('AL7630', 'CD7165', 'Available', 'Fine', '2012-06-09')
INSERT INTO COPIES VALUES('AL0810', 'CD7165', 'Available', 'Torn page(s)', '2016-02-08')
INSERT INTO COPIES VALUES('AL1090', 'CD7165', 'Available', 'Ink stained', '2012-02-07')
INSERT INTO COPIES VALUES('AL4054', 'BB5794', 'Available', 'Fine', '2011-12-26')
INSERT INTO COPIES VALUES('AL1199', 'BB5794', 'Available', 'Fine', '2012-07-12')
INSERT INTO COPIES VALUES('AL4455', 'GH5181', 'Available', 'Fine', '2014-06-23')
INSERT INTO COPIES VALUES('AL1800', 'GH5181', 'Available', 'Fine', '2012-06-03')
INSERT INTO COPIES VALUES('AL4790', 'DA2309', 'Available', 'Torn page(s)', '2011-11-10')
INSERT INTO COPIES VALUES('AL1009', 'DA2309', 'Available', 'Fine', '2012-11-16')
INSERT INTO COPIES VALUES('AL1505', 'DA2309', 'Available', 'Fine', '2016-07-02')
INSERT INTO COPIES VALUES('AL5981', 'ED5081', 'Available', 'Fine', '2010-06-16')
INSERT INTO COPIES VALUES('AL4921', 'ED5081', 'Available', 'Ink stained', '2010-07-23')
INSERT INTO COPIES VALUES('AL0515', 'ED5081', 'Available', 'Water damaged', '2012-11-06')
INSERT INTO COPIES VALUES('AL445', 'DD8926', 'Available', 'Fine', '2010-02-20')
INSERT INTO COPIES VALUES('AL1351', 'DD8926', 'Available', 'Fine', '2017-07-30')
INSERT INTO COPIES VALUES('AL685', 'DD8926', 'Available', 'Fine', '2016-02-25')
INSERT INTO COPIES VALUES('AL13853', 'HH3765', 'Available', 'Fine', '2012-11-28')
INSERT INTO COPIES VALUES('AL14467', 'HH3765', 'Available', 'Fine', '2014-03-20')
INSERT INTO COPIES VALUES('AL14468', 'HH3765', 'Available', 'Fine', '2016-01-30')
INSERT INTO COPIES VALUES('AL241', 'HE9027', 'Available', 'Fine', '2017-03-17')
INSERT INTO COPIES VALUES('AL1111', 'HE9027', 'Available', 'Fine', '2016-07-12')
INSERT INTO COPIES VALUES('AL122', 'HE9027', 'Available', 'Fine', '2013-01-28')
INSERT INTO COPIES VALUES('AL7166', 'CG2777', 'Available', 'Fine', '2010-08-27')
INSERT INTO COPIES VALUES('AL5126', 'CG2777', 'Available', 'Fine', '2017-04-22')
INSERT INTO COPIES VALUES('AL201', 'EC1369', 'Available', 'Fine', '2017-10-27')
INSERT INTO COPIES VALUES('AL121', 'EC1369', 'Available', 'Fine', '2014-12-06')
INSERT INTO COPIES VALUES('AL542', 'EC1369', 'Available', 'Torn page(s)', '2013-01-10')
INSERT INTO COPIES VALUES('AL975', 'EC1369', 'Available', 'Fine', '2014-12-09')
INSERT INTO COPIES VALUES('AL482', 'EC1369', 'Available', 'Fine', '2015-12-22')
INSERT INTO COPIES VALUES('AV28', 'II7926', 'Available', 'Water damaged', '2010-10-13')
INSERT INTO COPIES VALUES('AL166', 'II7926', 'Available', 'Fine', '2015-09-19')
INSERT INTO COPIES VALUES('AV15', 'II7926', 'Available', 'Fine', '2011-06-10')
INSERT INTO COPIES VALUES('AL437', 'CC9115', 'Available', 'Torn page(s)', '2010-04-04')
INSERT INTO COPIES VALUES('AL152', 'CC9115', 'Available', 'Fine', '2017-12-09')
INSERT INTO COPIES VALUES('AL979', 'CC9115', 'Available', 'Fine', '2014-05-23')
INSERT INTO COPIES VALUES('AL123', 'CC9115', 'Available', 'Fine', '2011-03-17')
INSERT INTO COPIES VALUES('AL491', 'CC9115', 'Available', 'Fine', '2014-06-27')
INSERT INTO COPIES VALUES('AV236', 'GE5141', 'Available', 'Fine', '2015-11-15')
INSERT INTO COPIES VALUES('AV138', 'GE5141', 'Available', 'Fine', '2011-08-24')
INSERT INTO COPIES VALUES('AV413', 'GE5141', 'Available', 'Fine', '2012-04-12')
INSERT INTO COPIES VALUES('AV587', 'GE5141', 'Available', 'Fine', '2013-11-29')
INSERT INTO COPIES VALUES('AV1016', 'GE2437', 'Available', 'Fine', '2014-04-29')
INSERT INTO COPIES VALUES('AV5212', 'GE2437', 'Available', 'Fine', '2014-08-25')
INSERT INTO COPIES VALUES('AV6421', 'GE2437', 'Available', 'Torn page(s)', '2013-08-02')
INSERT INTO COPIES VALUES('AV8764', 'GE2437', 'Available', 'Fine', '2012-02-21')
INSERT INTO COPIES VALUES('AL19562', 'CD5513', 'Available', 'Fine', '2012-12-14')
INSERT INTO COPIES VALUES('NV006638', 'CD5513', 'Available', 'Fine', '2013-12-18')
INSERT INTO COPIES VALUES('AV1098', 'HH4323', 'Available', 'Torn page(s)', '2014-09-29')
INSERT INTO COPIES VALUES('AV4133', 'HH4323', 'Available', 'Fine', '2011-11-27')
INSERT INTO COPIES VALUES('AV5587', 'HH4323', 'Available', 'Fine', '2012-01-20')
INSERT INTO COPIES VALUES('AL28', 'CA5426', 'Available', 'Fine', '2011-09-19')
INSERT INTO COPIES VALUES('AL21', 'CA5426', 'Available', 'Torn page(s)', '2014-08-31')
INSERT INTO COPIES VALUES('AL15', 'CA5426', 'Available', 'Water damaged', '2017-11-22')
INSERT INTO COPIES VALUES('AL05', 'CA5426', 'Available', 'Fine', '2011-07-28')
INSERT INTO COPIES VALUES('AL8637', 'DH3944', 'Available', 'Fine', '2017-12-13')
INSERT INTO COPIES VALUES('AL5413', 'DH3944', 'Available', 'Fine', '2011-04-04')
INSERT INTO COPIES VALUES('AL10773', 'EC2302', 'Available', 'Fine', '2010-11-29')
INSERT INTO COPIES VALUES('AL136469', 'EC2302', 'Available', 'Fine', '2015-08-04')
INSERT INTO COPIES VALUES('AL5593', 'IG5232', 'Available', 'Fine', '2012-01-27')
INSERT INTO COPIES VALUES('AL1633', 'IG5232', 'Available', 'Torn page(s)', '2015-06-04')
INSERT INTO COPIES VALUES('AL8300', 'GA2256', 'Available', 'Water damaged', '2012-10-25')
INSERT INTO COPIES VALUES('AL149', 'GA3048', 'Available', 'Water damaged', '2012-06-03')
INSERT INTO COPIES VALUES('AL4512', 'GA3048', 'Available', 'Fine', '2012-08-12')
INSERT INTO COPIES VALUES('AL866', 'GA3048', 'Available', 'Fine', '2015-05-09')
INSERT INTO COPIES VALUES('AL13866', 'HB9973', 'Available', 'Torn page(s)', '2012-04-13')
INSERT INTO COPIES VALUES('AL12642', 'HB9973', 'Available', 'Fine', '2013-10-22')
INSERT INTO COPIES VALUES('AL84666', 'HB9973', 'Available', 'Fine', '2015-04-28')
INSERT INTO COPIES VALUES('AV414', 'HH5514', 'Available', 'Fine', '2012-12-15')
INSERT INTO COPIES VALUES('AV135', 'HH5514', 'Available', 'Fine', '2012-06-25')
INSERT INTO COPIES VALUES('AV645', 'HH5514', 'Available', 'Fine', '2014-07-14')
INSERT INTO COPIES VALUES('AL11864', 'EA1463', 'Available', 'Torn page(s)', '2017-03-06')
INSERT INTO COPIES VALUES('AL11332', 'EA1463', 'Available', 'Fine', '2012-08-04')
INSERT INTO COPIES VALUES('AL54611', 'EA1463', 'Available', 'Fine', '2013-11-06')
INSERT INTO COPIES VALUES('AL2311', 'EI3500', 'Available', 'Fine', '2010-06-25')
INSERT INTO COPIES VALUES('AL6041', 'CF7994', 'Available', 'Fine', '2017-04-01')
INSERT INTO COPIES VALUES('AL5410', 'CF7994', 'Available', 'Fine', '2017-04-29')
INSERT INTO COPIES VALUES('AL4331', 'CF7994', 'Available', 'Fine', '2017-11-24')
INSERT INTO COPIES VALUES('AV574', 'GC7862', 'Available', 'Ink stained', '2011-11-13')
INSERT INTO COPIES VALUES('AV152', 'GC7862', 'Available', 'Torn page(s)', '2014-05-02')
INSERT INTO COPIES VALUES('AL5798', 'IH7722', 'Available', 'Torn page(s)', '2016-01-18')



CREATE TABLE BOOK_AUTHOR
(
	BOOK_ID VARCHAR(10) REFERENCES BOOK(BOOK_ID),
	AUTHOR_ID VARCHAR(10) REFERENCES AUTHOR(AUTHOR_ID),
	PRIMARY KEY (BOOK_ID, AUTHOR_ID)
)

INSERT INTO BOOK_AUTHOR VALUES('BB7245', 'C687309')
INSERT INTO BOOK_AUTHOR VALUES('IE5069', 'H331698')
INSERT INTO BOOK_AUTHOR VALUES('IE5069', 'C995343')
INSERT INTO BOOK_AUTHOR VALUES('CG2461', 'I461005')
INSERT INTO BOOK_AUTHOR VALUES('EE6023', 'C833345')
INSERT INTO BOOK_AUTHOR VALUES('EE6023', 'D737365')
INSERT INTO BOOK_AUTHOR VALUES('EE6023', 'C543906')
INSERT INTO BOOK_AUTHOR VALUES('AG2005', 'C119763')
INSERT INTO BOOK_AUTHOR VALUES('AG2005', 'B125790')
INSERT INTO BOOK_AUTHOR VALUES('AG2005', 'E218711')
INSERT INTO BOOK_AUTHOR VALUES('BF6052', 'E712548')
INSERT INTO BOOK_AUTHOR VALUES('GD4807', 'I233108')
INSERT INTO BOOK_AUTHOR VALUES('GD9487', 'C936274')
INSERT INTO BOOK_AUTHOR VALUES('GD9487', 'C822264')
INSERT INTO BOOK_AUTHOR VALUES('DH7962', 'B652381')
INSERT INTO BOOK_AUTHOR VALUES('IE7859', 'D561380')
INSERT INTO BOOK_AUTHOR VALUES('EG6265', 'G220461')
INSERT INTO BOOK_AUTHOR VALUES('CD5290', 'B843826')
INSERT INTO BOOK_AUTHOR VALUES('AG1102', 'G485660')
INSERT INTO BOOK_AUTHOR VALUES('GE9413', 'B392334')
INSERT INTO BOOK_AUTHOR VALUES('IB8308', 'F598476')
INSERT INTO BOOK_AUTHOR VALUES('IE1724', 'F621615')
INSERT INTO BOOK_AUTHOR VALUES('FA1643', 'D288501')
INSERT INTO BOOK_AUTHOR VALUES('IH8572', 'F546823')
INSERT INTO BOOK_AUTHOR VALUES('EA6769', 'E471397')
INSERT INTO BOOK_AUTHOR VALUES('IC1759', 'F432773')
INSERT INTO BOOK_AUTHOR VALUES('EA1489', 'E571220')
INSERT INTO BOOK_AUTHOR VALUES('HI6821', 'F280827')
INSERT INTO BOOK_AUTHOR VALUES('AG4978', 'D435478')
INSERT INTO BOOK_AUTHOR VALUES('GG9262', 'F705406')
INSERT INTO BOOK_AUTHOR VALUES('GG9262', 'H175546')
INSERT INTO BOOK_AUTHOR VALUES('EE8787', 'G107998')
INSERT INTO BOOK_AUTHOR VALUES('EE8787', 'E267913')
INSERT INTO BOOK_AUTHOR VALUES('AF5732', 'F261763')
INSERT INTO BOOK_AUTHOR VALUES('AF5732', 'H188829')
INSERT INTO BOOK_AUTHOR VALUES('BF1978', 'E736643')
INSERT INTO BOOK_AUTHOR VALUES('AG9174', 'G572594')
INSERT INTO BOOK_AUTHOR VALUES('EI8430', 'B501428')
INSERT INTO BOOK_AUTHOR VALUES('CC6197', 'C866144')
INSERT INTO BOOK_AUTHOR VALUES('CD7165', 'E495287')
INSERT INTO BOOK_AUTHOR VALUES('BB5794', 'E263689')
INSERT INTO BOOK_AUTHOR VALUES('GH5181', 'A700043')
INSERT INTO BOOK_AUTHOR VALUES('DA2309', 'C284472')
INSERT INTO BOOK_AUTHOR VALUES('ED5081', 'I934185')
INSERT INTO BOOK_AUTHOR VALUES('DD8926', 'I996873')
INSERT INTO BOOK_AUTHOR VALUES('HH3765', 'I783605')
INSERT INTO BOOK_AUTHOR VALUES('HH3765', 'G440919')
INSERT INTO BOOK_AUTHOR VALUES('HE9027', 'H361942')
INSERT INTO BOOK_AUTHOR VALUES('CG2777', 'F814612')
INSERT INTO BOOK_AUTHOR VALUES('EC1369', 'I339306')
INSERT INTO BOOK_AUTHOR VALUES('II7926', 'D872782')
INSERT INTO BOOK_AUTHOR VALUES('CC9115', 'C614880')
INSERT INTO BOOK_AUTHOR VALUES('GE5141', 'E989012')
INSERT INTO BOOK_AUTHOR VALUES('GE2437', 'A903623')
INSERT INTO BOOK_AUTHOR VALUES('CD5513', 'G280707')
INSERT INTO BOOK_AUTHOR VALUES('HH4323', 'A230844')
INSERT INTO BOOK_AUTHOR VALUES('CA5426', 'F902300')
INSERT INTO BOOK_AUTHOR VALUES('CA5426', 'I645145')
INSERT INTO BOOK_AUTHOR VALUES('DH3944', 'I328601')
INSERT INTO BOOK_AUTHOR VALUES('EC2302', 'H389502')
INSERT INTO BOOK_AUTHOR VALUES('IG5232', 'B369237')
INSERT INTO BOOK_AUTHOR VALUES('GA2256', 'C757075')
INSERT INTO BOOK_AUTHOR VALUES('GA3048', 'D765107')
INSERT INTO BOOK_AUTHOR VALUES('HB9973', 'I324974')
INSERT INTO BOOK_AUTHOR VALUES('HH5514', 'C767992')
INSERT INTO BOOK_AUTHOR VALUES('EA1463', 'H622956')
INSERT INTO BOOK_AUTHOR VALUES('EI3500', 'A310867')
INSERT INTO BOOK_AUTHOR VALUES('CF7994', 'B641763')
INSERT INTO BOOK_AUTHOR VALUES('GC7862', 'I436538')
INSERT INTO BOOK_AUTHOR VALUES('IH7722', 'I342241')


CREATE TABLE BOOK_KW
(
	BOOK_ID VARCHAR(10) REFERENCES BOOK(BOOK_ID),
	KEYWORD_ID VARCHAR(10) REFERENCES KEYWORD(KEYWORD_ID),
	PRIMARY KEY (BOOK_ID, KEYWORD_ID)
)
INSERT INTO BOOK_KW VALUES('AF5732', 'B54386')
INSERT INTO BOOK_KW VALUES('AF5732', 'C19110')
INSERT INTO BOOK_KW VALUES('AF5732', 'C47841')
INSERT INTO BOOK_KW VALUES('AF5732', 'G40529')
INSERT INTO BOOK_KW VALUES('AG1102', 'E36656')
INSERT INTO BOOK_KW VALUES('AG2005', 'C14827')
INSERT INTO BOOK_KW VALUES('AG2005', 'D90169')
INSERT INTO BOOK_KW VALUES('AG2005', 'F15359')
INSERT INTO BOOK_KW VALUES('AG4978', 'F22938')
INSERT INTO BOOK_KW VALUES('AG4978', 'E86352')
INSERT INTO BOOK_KW VALUES('AG9174', 'B90202')
INSERT INTO BOOK_KW VALUES('AG9174', 'D58844')
INSERT INTO BOOK_KW VALUES('AG9174', 'D90888')
INSERT INTO BOOK_KW VALUES('AG9174', 'E98747')
INSERT INTO BOOK_KW VALUES('AG9174', 'H64677')
INSERT INTO BOOK_KW VALUES('BB5794', 'D13284')
INSERT INTO BOOK_KW VALUES('BB5794', 'F77576')
INSERT INTO BOOK_KW VALUES('BB5794', 'H18854')
INSERT INTO BOOK_KW VALUES('BB7245', 'A40879')
INSERT INTO BOOK_KW VALUES('BB7245', 'B31311')
INSERT INTO BOOK_KW VALUES('BB7245', 'E29271')
INSERT INTO BOOK_KW VALUES('BB7245', 'G37766')
INSERT INTO BOOK_KW VALUES('BF1978', 'C86560')
INSERT INTO BOOK_KW VALUES('BF1978', 'A28095')
INSERT INTO BOOK_KW VALUES('BF1978', 'G20606')
INSERT INTO BOOK_KW VALUES('BF1978', 'I53494')
INSERT INTO BOOK_KW VALUES('BF6052', 'B39334')
INSERT INTO BOOK_KW VALUES('BF6052', 'C73391')
INSERT INTO BOOK_KW VALUES('BF6052', 'F24075')
INSERT INTO BOOK_KW VALUES('CA5426', 'A74709')
INSERT INTO BOOK_KW VALUES('CA5426', 'B85357')
INSERT INTO BOOK_KW VALUES('CA5426', 'D97307')
INSERT INTO BOOK_KW VALUES('CC6197', 'A90708')
INSERT INTO BOOK_KW VALUES('CC6197', 'B91861')
INSERT INTO BOOK_KW VALUES('CC6197', 'F49485')
INSERT INTO BOOK_KW VALUES('CC6197', 'E83375')
INSERT INTO BOOK_KW VALUES('CC6197', 'E46835')
INSERT INTO BOOK_KW VALUES('CC9115', 'C19947')
INSERT INTO BOOK_KW VALUES('CC9115', 'F59245')
INSERT INTO BOOK_KW VALUES('CC9115', 'B34739')
INSERT INTO BOOK_KW VALUES('CD5290', 'H38022')
INSERT INTO BOOK_KW VALUES('CD5290', 'H41620')
INSERT INTO BOOK_KW VALUES('CD5513', 'C32735')
INSERT INTO BOOK_KW VALUES('CD5513', 'F35152')
INSERT INTO BOOK_KW VALUES('CD5513', 'A28095')
INSERT INTO BOOK_KW VALUES('CD7165', 'C27638')
INSERT INTO BOOK_KW VALUES('CD7165', 'H59845')
INSERT INTO BOOK_KW VALUES('CD7165', 'I29983')
INSERT INTO BOOK_KW VALUES('CF7994', 'C93597')
INSERT INTO BOOK_KW VALUES('CF7994', 'H85695')
INSERT INTO BOOK_KW VALUES('CF7994', 'I54849')
INSERT INTO BOOK_KW VALUES('CG2461', 'I29059')
INSERT INTO BOOK_KW VALUES('CG2461', 'I30608')
INSERT INTO BOOK_KW VALUES('CG2777', 'H56604')
INSERT INTO BOOK_KW VALUES('DA2309', 'G80737')
INSERT INTO BOOK_KW VALUES('DD8926', 'A49410')
INSERT INTO BOOK_KW VALUES('DD8926', 'B65320')
INSERT INTO BOOK_KW VALUES('DD8926', 'B34739')
INSERT INTO BOOK_KW VALUES('DH3944', 'A49970')
INSERT INTO BOOK_KW VALUES('DH3944', 'H16179')
INSERT INTO BOOK_KW VALUES('DH3944', 'H86467')
INSERT INTO BOOK_KW VALUES('DH7962', 'F36429')
INSERT INTO BOOK_KW VALUES('DH7962', 'F37321')
INSERT INTO BOOK_KW VALUES('EA1463', 'E23158')
INSERT INTO BOOK_KW VALUES('EA1463', 'E46835')
INSERT INTO BOOK_KW VALUES('EA1463', 'H85897')
INSERT INTO BOOK_KW VALUES('EA1489', 'A17204')
INSERT INTO BOOK_KW VALUES('EA1489', 'A43833')
INSERT INTO BOOK_KW VALUES('EA1489', 'A68326')
INSERT INTO BOOK_KW VALUES('EA6769', 'F23129')
INSERT INTO BOOK_KW VALUES('EA6769', 'G34580')
INSERT INTO BOOK_KW VALUES('EC1369', 'A74709')
INSERT INTO BOOK_KW VALUES('EC1369', 'E18996')
INSERT INTO BOOK_KW VALUES('EC1369', 'B85357')
INSERT INTO BOOK_KW VALUES('EC2302', 'A49970')
INSERT INTO BOOK_KW VALUES('EC2302', 'C73391')
INSERT INTO BOOK_KW VALUES('EC2302', 'I87605')
INSERT INTO BOOK_KW VALUES('ED5081', 'B65320')
INSERT INTO BOOK_KW VALUES('ED5081', 'A49410')
INSERT INTO BOOK_KW VALUES('EE6023', 'A64041')
INSERT INTO BOOK_KW VALUES('EE6023', 'G52120')
INSERT INTO BOOK_KW VALUES('EE6023', 'I28586')
INSERT INTO BOOK_KW VALUES('EE8787', 'A55005')
INSERT INTO BOOK_KW VALUES('EE8787', 'E12637')
INSERT INTO BOOK_KW VALUES('EE8787', 'I26526')
INSERT INTO BOOK_KW VALUES('EE8787', 'G34580')
INSERT INTO BOOK_KW VALUES('EG6265', 'G46242')
INSERT INTO BOOK_KW VALUES('EG6265', 'H70157')
INSERT INTO BOOK_KW VALUES('EI3500', 'E46381')
INSERT INTO BOOK_KW VALUES('EI3500', 'F32076')
INSERT INTO BOOK_KW VALUES('EI8430', 'B87210')
INSERT INTO BOOK_KW VALUES('EI8430', 'A28095')
INSERT INTO BOOK_KW VALUES('FA1643', 'E89071')
INSERT INTO BOOK_KW VALUES('FA1643', 'H45885')
INSERT INTO BOOK_KW VALUES('GA2256', 'E62081')
INSERT INTO BOOK_KW VALUES('GA2256', 'E83375')
INSERT INTO BOOK_KW VALUES('GA2256', 'F59922')
INSERT INTO BOOK_KW VALUES('GA3048', 'D49555')
INSERT INTO BOOK_KW VALUES('GA3048', 'D69467')
INSERT INTO BOOK_KW VALUES('GC7862', 'E28628')
INSERT INTO BOOK_KW VALUES('GC7862', 'H45885')
INSERT INTO BOOK_KW VALUES('GD4807', 'B85196')
INSERT INTO BOOK_KW VALUES('GD4807', 'E23353')
INSERT INTO BOOK_KW VALUES('GD9487', 'A28095')
INSERT INTO BOOK_KW VALUES('GD9487', 'I64721')
INSERT INTO BOOK_KW VALUES('GE2437', 'C73391')
INSERT INTO BOOK_KW VALUES('GE2437', 'I54918')
INSERT INTO BOOK_KW VALUES('GE5141', 'B34739')
INSERT INTO BOOK_KW VALUES('GE5141', 'B99121')
INSERT INTO BOOK_KW VALUES('GE5141', 'C19947')
INSERT INTO BOOK_KW VALUES('GE9413', 'E44057')
INSERT INTO BOOK_KW VALUES('GE9413', 'C73391')
INSERT INTO BOOK_KW VALUES('GG9262', 'C48575')
INSERT INTO BOOK_KW VALUES('GG9262', 'B81502')
INSERT INTO BOOK_KW VALUES('GH5181', 'F69480')
INSERT INTO BOOK_KW VALUES('GH5181', 'A40879')
INSERT INTO BOOK_KW VALUES('HB9973', 'D37657')
INSERT INTO BOOK_KW VALUES('HB9973', 'D49555')
INSERT INTO BOOK_KW VALUES('HB9973', 'E46650')
INSERT INTO BOOK_KW VALUES('HB9973', 'A68326')
INSERT INTO BOOK_KW VALUES('HB9973', 'C73391')
INSERT INTO BOOK_KW VALUES('HE9027', 'D80598')
INSERT INTO BOOK_KW VALUES('HE9027', 'H97471')
INSERT INTO BOOK_KW VALUES('HH3765', 'A49199')
INSERT INTO BOOK_KW VALUES('HH3765', 'B69936')
INSERT INTO BOOK_KW VALUES('HH3765', 'E63334')
INSERT INTO BOOK_KW VALUES('HH3765', 'I16023')
INSERT INTO BOOK_KW VALUES('HH4323', 'B68960')
INSERT INTO BOOK_KW VALUES('HH4323', 'C32735')
INSERT INTO BOOK_KW VALUES('HH5514', 'B81502')
INSERT INTO BOOK_KW VALUES('HH5514', 'G61920')
INSERT INTO BOOK_KW VALUES('HH5514', 'E28628')
INSERT INTO BOOK_KW VALUES('HI6821', 'B88906')
INSERT INTO BOOK_KW VALUES('HI6821', 'C12319')
INSERT INTO BOOK_KW VALUES('HI6821', 'D19578')
INSERT INTO BOOK_KW VALUES('HI6821', 'H45095')
INSERT INTO BOOK_KW VALUES('IB8308', 'B13763')
INSERT INTO BOOK_KW VALUES('IB8308', 'D69335')
INSERT INTO BOOK_KW VALUES('IB8308', 'E60350')
INSERT INTO BOOK_KW VALUES('IB8308', 'G97538')
INSERT INTO BOOK_KW VALUES('IC1759', 'C50773')
INSERT INTO BOOK_KW VALUES('IC1759', 'E44057')
INSERT INTO BOOK_KW VALUES('IE1724', 'C12319')
INSERT INTO BOOK_KW VALUES('IE5069', 'E86352')
INSERT INTO BOOK_KW VALUES('IE5069', 'G14434')
INSERT INTO BOOK_KW VALUES('IE7859', 'F53695')
INSERT INTO BOOK_KW VALUES('IE7859', 'F54880')
INSERT INTO BOOK_KW VALUES('IG5232', 'A49970')
INSERT INTO BOOK_KW VALUES('IG5232', 'C73391')
INSERT INTO BOOK_KW VALUES('IH7722', 'A30136')
INSERT INTO BOOK_KW VALUES('IH8572', 'A28095')
INSERT INTO BOOK_KW VALUES('IH8572', 'I64721')
INSERT INTO BOOK_KW VALUES('II7926', 'A74709')
INSERT INTO BOOK_KW VALUES('II7926', 'I16023')
INSERT INTO BOOK_KW VALUES('II7926', 'I16127')

