INSERT INTO KEYWORD VALUES('K10657', 'Botany')
INSERT INTO KEYWORD VALUES('C75351', 'Fashion')
INSERT INTO KEYWORD VALUES('C36197', 'Music')
INSERT INTO KEYWORD VALUES('J55516', 'Politics')
INSERT INTO KEYWORD VALUES('N58431', 'Business')
INSERT INTO KEYWORD VALUES('D35660', 'Chemistry')
INSERT INTO KEYWORD VALUES('B48780', 'Innovation')
INSERT INTO KEYWORD VALUES('K31295', 'Physics')
INSERT INTO KEYWORD VALUES('E34299', 'Culture')


INSERT INTO PUBLISHER VALUES('DA291', 'American Chemical Society')
INSERT INTO PUBLISHER VALUES('EH960', 'Roman Catholic Archdiocese of Cincinnati')
INSERT INTO PUBLISHER VALUES('GE152', 'Condé Nast')
INSERT INTO PUBLISHER VALUES('DK236', 'Lynne Segall')
INSERT INTO PUBLISHER VALUES('GG801', 'Katrina vanden Heuvel')
INSERT INTO PUBLISHER VALUES('FJ994', 'Ecological Society of America')


CREATE TABLE MAGAZINE
(
	MAG_ID VARCHAR(10) PRIMARY KEY,
	TITLE VARCHAR(255),
	PUBLISHER_ID VARCHAR(10) REFERENCES PUBLISHER(PUBLISHER_ID),
	DDC_ID VARCHAR(10) DEFAULT '052',
	PERIOD VARCHAR(20)
)

CREATE TABLE MAG_KW
(
	MAG_ID VARCHAR(10) REFERENCES MAGAZINE(MAG_ID),
	KEYWORD_ID VARCHAR(10) REFERENCES KEYWORD(KEYWORD_ID),
	PRIMARY KEY (MAG_ID, KEYWORD_ID)
)

CREATE TABLE SUBSCRIBE
(
	SUB_ID INT IDENTITY(1,1) PRIMARY KEY,
	MEMBER_ID VARCHAR(10) REFERENCES MEMBER(MEMBER_ID),
	MAG_ID VARCHAR(10) REFERENCES MAGAZINE(MAG_ID),
	SUB_STATUS VARCHAR(20) DEFAULT 'Active'
)

CREATE TABLE MAG_COPIES
(
	MAG_COPIES_ID VARCHAR(10) PRIMARY KEY,
	MAG_ID VARCHAR(10) REFERENCES MAGAZINE(MAG_ID),
	PUBLISHED_DATE DATETIME,
	NUMBER INT,
	QUANTITY INT
)

INSERT INTO MAGAZINE VALUES('MAG01', 'Journal of Natural Products', 'DA291', '052', 'monthly')
INSERT INTO MAGAZINE VALUES('MAG02', 'The Catholic Telegraph', 'EH960', '052', 'weekly')
INSERT INTO MAGAZINE VALUES('MAG03', 'Vogue', 'GE152', '052', 'monthly')
INSERT INTO MAGAZINE VALUES('MAG04', 'Billboard', 'DK236', '052', 'weekly')
INSERT INTO MAGAZINE VALUES('MAG05', 'The Nation', 'GG801', '052', 'weekly')
INSERT INTO MAGAZINE VALUES('MAG06', 'Ecology', 'FJ994', '052', 'bimonthly')
INSERT INTO MAGAZINE VALUES('MAG07', 'Wired', 'GE152', '052', 'monthly')
INSERT INTO MAGAZINE VALUES('MAG08', 'Nano Letters', 'DA291', '052', 'monthly')

INSERT INTO MAG_KW VALUES('MAG06', 'B34739')
INSERT INTO MAG_KW VALUES('MAG02', 'F24075')
INSERT INTO MAG_KW VALUES('MAG01', 'K10657')
INSERT INTO MAG_KW VALUES('MAG03', 'C75351')
INSERT INTO MAG_KW VALUES('MAG04', 'C36197')
INSERT INTO MAG_KW VALUES('MAG05', 'J55516')
INSERT INTO MAG_KW VALUES('MAG05', 'E34299')
INSERT INTO MAG_KW VALUES('MAG07', 'B48780')
INSERT INTO MAG_KW VALUES('MAG07', 'N58431')
INSERT INTO MAG_KW VALUES('MAG08', 'D35660')
INSERT INTO MAG_KW VALUES('MAG08', 'K31295')

INSERT INTO SUBSCRIBE VALUES('IC699356', 'MAG02', 'Active')
INSERT INTO SUBSCRIBE VALUES('DE883346', 'MAG07', 'Cancelled')
INSERT INTO SUBSCRIBE VALUES('CC219637', 'MAG08', 'Active')
INSERT INTO SUBSCRIBE VALUES('GI405583', 'MAG06', 'Active')
INSERT INTO SUBSCRIBE VALUES('AC666869', 'MAG03', 'Active')
INSERT INTO SUBSCRIBE VALUES('HE722514', 'MAG04', 'Active')
INSERT INTO SUBSCRIBE VALUES('HF488022', 'MAG01', 'Active')
INSERT INTO SUBSCRIBE VALUES('BH607561', 'MAG05', 'Cancelled')
INSERT INTO SUBSCRIBE VALUES('GI396298', 'MAG08', 'Active')
INSERT INTO SUBSCRIBE VALUES('CA240857', 'MAG03', 'Active')
INSERT INTO SUBSCRIBE VALUES('IC699356', 'MAG07', 'Active')
INSERT INTO SUBSCRIBE VALUES('HF488022', 'MAG08', 'Active')

INSERT INTO MAG_COPIES VALUES('MC001', 'MAG06', '2020-01-09 00:00:00', '35', '2')
INSERT INTO MAG_COPIES VALUES('MC002', 'MAG06', '2020-03-09 00:00:00', '36', '1')
INSERT INTO MAG_COPIES VALUES('MC003', 'MAG07', '2020-04-10 00:00:00', '72', '1')
INSERT INTO MAG_COPIES VALUES('MC004', 'MAG03', '2020-04-19 00:00:00', '10', '2')
INSERT INTO MAG_COPIES VALUES('MC005', 'MAG01', '2020-05-06 00:00:00', '10', '1')
INSERT INTO MAG_COPIES VALUES('MC006', 'MAG06', '2020-05-09 00:00:00', '37', '3')
INSERT INTO MAG_COPIES VALUES('MC007', 'MAG07', '2020-05-10 00:00:00', '73', '1')
INSERT INTO MAG_COPIES VALUES('MC008', 'MAG03', '2020-05-19 00:00:00', '11', '3')
INSERT INTO MAG_COPIES VALUES('MC009', 'MAG01', '2020-06-06 00:00:00', '11', '1')
INSERT INTO MAG_COPIES VALUES('MC010', 'MAG07', '2020-06-10 00:00:00', '74', '1')
INSERT INTO MAG_COPIES VALUES('MC011', 'MAG03', '2020-06-19 00:00:00', '12', '3')
INSERT INTO MAG_COPIES VALUES('MC012', 'MAG01', '2020-07-06 00:00:00', '12', '2')
INSERT INTO MAG_COPIES VALUES('MC013', 'MAG06', '2020-07-09 00:00:00', '38', '3')
INSERT INTO MAG_COPIES VALUES('MC014', 'MAG07', '2020-07-10 00:00:00', '75', '1')
INSERT INTO MAG_COPIES VALUES('MC015', 'MAG03', '2020-07-19 00:00:00', '13', '3')
INSERT INTO MAG_COPIES VALUES('MC016', 'MAG01', '2020-08-06 00:00:00', '13', '3')
INSERT INTO MAG_COPIES VALUES('MC017', 'MAG07', '2020-08-10 00:00:00', '76', '1')
INSERT INTO MAG_COPIES VALUES('MC018', 'MAG03', '2020-08-19 00:00:00', '14', '2')
INSERT INTO MAG_COPIES VALUES('MC019', 'MAG01', '2020-09-06 00:00:00', '14', '2')
INSERT INTO MAG_COPIES VALUES('MC020', 'MAG06', '2020-09-09 00:00:00', '39', '1')
INSERT INTO MAG_COPIES VALUES('MC021', 'MAG07', '2020-09-10 00:00:00', '77', '3')
INSERT INTO MAG_COPIES VALUES('MC022', 'MAG03', '2020-09-19 00:00:00', '15', '2')
INSERT INTO MAG_COPIES VALUES('MC023', 'MAG01', '2020-10-06 00:00:00', '15', '1')
INSERT INTO MAG_COPIES VALUES('MC024', 'MAG07', '2020-10-10 00:00:00', '78', '3')
INSERT INTO MAG_COPIES VALUES('MC025', 'MAG03', '2020-10-19 00:00:00', '16', '2')
INSERT INTO MAG_COPIES VALUES('MC026', 'MAG01', '2020-11-06 00:00:00', '16', '2')
INSERT INTO MAG_COPIES VALUES('MC027', 'MAG06', '2020-11-09 00:00:00', '40', '1')
INSERT INTO MAG_COPIES VALUES('MC028', 'MAG07', '2020-11-10 00:00:00', '79', '2')
INSERT INTO MAG_COPIES VALUES('MC029', 'MAG08', '2020-11-17 00:00:00', '17', '2')
INSERT INTO MAG_COPIES VALUES('MC030', 'MAG03', '2020-11-19 00:00:00', '17', '2')
INSERT INTO MAG_COPIES VALUES('MC031', 'MAG05', '2020-12-03 00:00:00', '102', '3')
INSERT INTO MAG_COPIES VALUES('MC032', 'MAG01', '2020-12-06 00:00:00', '17', '2')
INSERT INTO MAG_COPIES VALUES('MC033', 'MAG05', '2020-12-10 00:00:00', '103', '3')
INSERT INTO MAG_COPIES VALUES('MC034', 'MAG07', '2020-12-10 00:00:00', '80', '1')
INSERT INTO MAG_COPIES VALUES('MC035', 'MAG05', '2020-12-17 00:00:00', '104', '1')
INSERT INTO MAG_COPIES VALUES('MC036', 'MAG08', '2020-12-17 00:00:00', '18', '2')
INSERT INTO MAG_COPIES VALUES('MC037', 'MAG03', '2020-12-19 00:00:00', '18', '3')
INSERT INTO MAG_COPIES VALUES('MC038', 'MAG05', '2020-12-24 00:00:00', '105', '2')
INSERT INTO MAG_COPIES VALUES('MC039', 'MAG05', '2020-12-31 00:00:00', '106', '1')
INSERT INTO MAG_COPIES VALUES('MC040', 'MAG01', '2021-01-06 00:00:00', '18', '1')
INSERT INTO MAG_COPIES VALUES('MC041', 'MAG05', '2021-01-07 00:00:00', '107', '1')
INSERT INTO MAG_COPIES VALUES('MC042', 'MAG06', '2021-01-09 00:00:00', '41', '3')
INSERT INTO MAG_COPIES VALUES('MC043', 'MAG02', '2021-01-15 00:00:00', '52', '3')
INSERT INTO MAG_COPIES VALUES('MC044', 'MAG08', '2021-01-17 00:00:00', '19', '1')
INSERT INTO MAG_COPIES VALUES('MC045', 'MAG03', '2021-01-19 00:00:00', '19', '1')
INSERT INTO MAG_COPIES VALUES('MC046', 'MAG02', '2021-01-22 00:00:00', '53', '1')
INSERT INTO MAG_COPIES VALUES('MC047', 'MAG02', '2021-01-29 00:00:00', '54', '2')
INSERT INTO MAG_COPIES VALUES('MC048', 'MAG02', '2021-02-05 00:00:00', '55', '1')
INSERT INTO MAG_COPIES VALUES('MC049', 'MAG01', '2021-02-06 00:00:00', '19', '1')
INSERT INTO MAG_COPIES VALUES('MC050', 'MAG02', '2021-02-12 00:00:00', '56', '1')
INSERT INTO MAG_COPIES VALUES('MC051', 'MAG08', '2021-02-17 00:00:00', '20', '2')
INSERT INTO MAG_COPIES VALUES('MC052', 'MAG02', '2021-02-19 00:00:00', '57', '3')
INSERT INTO MAG_COPIES VALUES('MC053', 'MAG03', '2021-02-19 00:00:00', '20', '3')
INSERT INTO MAG_COPIES VALUES('MC054', 'MAG02', '2021-02-26 00:00:00', '58', '1')
INSERT INTO MAG_COPIES VALUES('MC055', 'MAG06', '2021-03-09 00:00:00', '42', '2')
INSERT INTO MAG_COPIES VALUES('MC056', 'MAG08', '2021-03-17 00:00:00', '21', '3')
INSERT INTO MAG_COPIES VALUES('MC057', 'MAG03', '2021-03-19 00:00:00', '21', '2')
INSERT INTO MAG_COPIES VALUES('MC058', 'MAG04', '2021-03-25 00:00:00', '80', '2')
INSERT INTO MAG_COPIES VALUES('MC059', 'MAG04', '2021-04-01 00:00:00', '81', '3')
INSERT INTO MAG_COPIES VALUES('MC060', 'MAG04', '2021-04-08 00:00:00', '82', '2')
INSERT INTO MAG_COPIES VALUES('MC061', 'MAG04', '2021-04-15 00:00:00', '83', '2')
INSERT INTO MAG_COPIES VALUES('MC062', 'MAG08', '2021-04-17 00:00:00', '22', '3')
INSERT INTO MAG_COPIES VALUES('MC063', 'MAG03', '2021-04-19 00:00:00', '22', '2')
INSERT INTO MAG_COPIES VALUES('MC064', 'MAG04', '2021-04-22 00:00:00', '84', '3')
INSERT INTO MAG_COPIES VALUES('MC065', 'MAG04', '2021-04-29 00:00:00', '85', '1')
INSERT INTO MAG_COPIES VALUES('MC066', 'MAG04', '2021-05-06 00:00:00', '86', '3')
INSERT INTO MAG_COPIES VALUES('MC067', 'MAG06', '2021-05-09 00:00:00', '43', '2')
INSERT INTO MAG_COPIES VALUES('MC068', 'MAG04', '2021-05-13 00:00:00', '87', '3')
INSERT INTO MAG_COPIES VALUES('MC069', 'MAG08', '2021-05-17 00:00:00', '23', '3')
INSERT INTO MAG_COPIES VALUES('MC070', 'MAG04', '2021-05-20 00:00:00', '88', '2')
